shop,sku,item_code,item_name,warehouse_name,free_to_sell_amount,promised_amount,reserved_amount,valid_stock_count
Instax Shop,758898715,100blackm,Ремешок для часов G-Shock черный матовый,ПЕТРОВСКОЕ_РФЦ,100,0,1,
Instax Shop,758898715,100blackm,Ремешок для часов G-Shock черный матовый,СПБ_КОЛПИНО_РФЦ,54,0,0,
Instax Shop,758898715,100blackm,Ремешок для часов G-Shock черный матовый,КЕМЕРОВО_РФЦ,1,0,0,
Instax Shop,908559995,s17black,Ремешок для часов swatch 17мм черный,Ростов_на_Дону_РФЦ,4,0,0,
Instax Shop,908559995,s17black,Ремешок для часов swatch 17мм черный,КАЛИНИНГРАД_МРФЦ,2,0,0,
Instax Shop,908559995,s17black,Ремешок для часов swatch 17мм черный,НИЖНИЙ_НОВГОРОД_РФЦ,9,0,0,
Instax Shop,908559995,s17black,Ремешок для часов swatch 17мм черный,ВОРОНЕЖ_РФЦ,7,0,0,
Instax Shop,908559995,s17black,Ремешок для часов swatch 17мм черный,СПБ_БУГРЫ_РФЦ,2,0,0,
Instax Shop,908559995,s17black,Ремешок для часов swatch 17мм черный,ПЕТРОВСКОЕ_РФЦ,9,0,0,
Instax Shop,908559995,s17black,Ремешок для часов swatch 17мм черный,АДЫГЕЙСК_РФЦ,1,0,0,
Instax Shop,908559995,s17black,Ремешок для часов swatch 17мм черный,ХАБАРОВСК_2_РФЦ,17,0,0,
Instax Shop,908559995,s17black,Ремешок для часов swatch 17мм черный,ОРЕНБУРГ_РФЦ,3,0,0,
Instax Shop,908559995,s17black,Ремешок для часов swatch 17мм черный,ЯРОСЛАВЛЬ_РФЦ,4,0,0,
Instax Shop,908817486,s20black,Ремешок для часов swatch 20мм черный,Санкт_Петербург_РФЦ,10,0,0,
Instax Shop,908817486,s20black,Ремешок для часов swatch 20мм черный,Новосибирск_РФЦ_НОВЫЙ,7,0,0,
Instax Shop,908817486,s20black,Ремешок для часов swatch 20мм черный,НИЖНИЙ_НОВГОРОД_РФЦ,13,0,0,
Instax Shop,908817486,s20black,Ремешок для часов swatch 20мм черный,ПЕТРОВСКОЕ_РФЦ,43,0,0,
Instax Shop,908817486,s20black,Ремешок для часов swatch 20мм черный,АДЫГЕЙСК_РФЦ,1,0,0,
Instax Shop,908817486,s20black,Ремешок для часов swatch 20мм черный,ВОЛГОГРАД_РФЦ,2,0,0,
Instax Shop,908817486,s20black,Ремешок для часов swatch 20мм черный,СПБ_ШУШАРЫ_РФЦ,3,0,0,
Instax Shop,908817486,s20black,Ремешок для часов swatch 20мм черный,ХАБАРОВСК_2_РФЦ,10,0,0,
Instax Shop,908817486,s20black,Ремешок для часов swatch 20мм черный,НЕВИННОМЫССК_РФЦ,11,0,0,
Instax Shop,908817486,s20black,Ремешок для часов swatch 20мм черный,ПЕРМЬ_РФЦ,5,0,0,
Instax Shop,908817486,s20black,Ремешок для часов swatch 20мм черный,ЯРОСЛАВЛЬ_РФЦ,2,0,0,
Instax Shop,908818342,s19black,Ремешок для часов swatch 19мм черный,ПЕТРОВСКОЕ_РФЦ,87,0,0,
Instax Shop,908818342,s19black,Ремешок для часов swatch 19мм черный,ХАБАРОВСК_2_РФЦ,8,0,0,
Instax Shop,908818342,s19black,Ремешок для часов swatch 19мм черный,СПБ_КОЛПИНО_РФЦ,47,0,0,
Instax Shop,908818441,s19white,Ремешок для часов swatch 19мм белый,ХОРУГВИНО_РФЦ,2,0,0,
Instax Shop,908818441,s19white,Ремешок для часов swatch 19мм белый,Ростов_на_Дону_РФЦ,6,0,0,
Instax Shop,908818441,s19white,Ремешок для часов swatch 19мм белый,ТВЕРЬ_РФЦ,7,0,0,
Instax Shop,908818441,s19white,Ремешок для часов swatch 19мм белый,НИЖНИЙ_НОВГОРОД_РФЦ,1,0,0,
Instax Shop,908818441,s19white,Ремешок для часов swatch 19мм белый,СПБ_БУГРЫ_РФЦ,15,0,0,
Instax Shop,908818441,s19white,Ремешок для часов swatch 19мм белый,АДЫГЕЙСК_РФЦ,1,0,0,
Instax Shop,908818441,s19white,Ремешок для часов swatch 19мм белый,НЕВИННОМЫССК_РФЦ,1,0,0,
Instax Shop,908829218,s20white,Ремешок для часов swatch 20мм белый,Новосибирск_РФЦ_НОВЫЙ,8,0,0,
Instax Shop,908829218,s20white,Ремешок для часов swatch 20мм белый,Казань_РФЦ_НОВЫЙ,6,0,0,
Instax Shop,908829218,s20white,Ремешок для часов swatch 20мм белый,Екатеринбург_РФЦ_НОВЫЙ,6,0,0,
Instax Shop,908829218,s20white,Ремешок для часов swatch 20мм белый,ТВЕРЬ_РФЦ,3,0,0,
Instax Shop,908829218,s20white,Ремешок для часов swatch 20мм белый,ПЕТРОВСКОЕ_РФЦ,24,0,0,
Instax Shop,908829218,s20white,Ремешок для часов swatch 20мм белый,ЖУКОВСКИЙ_РФЦ,1,0,0,
Instax Shop,908829218,s20white,Ремешок для часов swatch 20мм белый,АДЫГЕЙСК_РФЦ,1,0,0,
Instax Shop,908829218,s20white,Ремешок для часов swatch 20мм белый,ХАБАРОВСК_2_РФЦ,10,0,0,
Instax Shop,908829218,s20white,Ремешок для часов swatch 20мм белый,СПБ_КОЛПИНО_РФЦ,15,0,1,
Instax Shop,908829218,s20white,Ремешок для часов swatch 20мм белый,ОРЕНБУРГ_РФЦ,1,0,0,
Instax Shop,908829218,s20white,Ремешок для часов swatch 20мм белый,ЯРОСЛАВЛЬ_РФЦ,9,0,0,
Instax Shop,908829218,s20white,Ремешок для часов swatch 20мм белый,РОСТОВ_НА_ДОНУ_2_РФЦ,8,0,0,
Instax Shop,1078945409,100blackg,Ремешок для часов G-Shock черный глянцевый,КАЛИНИНГРАД_МРФЦ,3,0,0,
Instax Shop,1078945409,100blackg,Ремешок для часов G-Shock черный глянцевый,НИЖНИЙ_НОВГОРОД_РФЦ,26,0,0,
Instax Shop,1078945409,100blackg,Ремешок для часов G-Shock черный глянцевый,ПЕТРОВСКОЕ_РФЦ,7,0,0,
Instax Shop,1078945409,100blackg,Ремешок для часов G-Shock черный глянцевый,СПБ_ШУШАРЫ_РФЦ,40,0,0,
Instax Shop,1078945409,100blackg,Ремешок для часов G-Shock черный глянцевый,ЯРОСЛАВЛЬ_РФЦ,15,0,0,
Instax Shop,1281292708,m18silver,Ремешок для часов миланское плетение 18мм,МИНСК_МПСЦ,1,0,0,
Instax Shop,1281292708,m18silver,Ремешок для часов миланское плетение 18мм,ПЕТРОВСКОЕ_РФЦ,7,0,2,
Instax Shop,1281292708,m18silver,Ремешок для часов миланское плетение 18мм,НОГИНСК_РФЦ,0,0,1,
Instax Shop,1281292708,m18silver,Ремешок для часов миланское плетение 18мм,ХАБАРОВСК_2_РФЦ,2,0,0,
Instax Shop,1281292708,m18silver,Ремешок для часов миланское плетение 18мм,СПБ_КОЛПИНО_РФЦ,8,0,0,
Instax Shop,1281295474,m20silver,Ремешок для часов миланское плетение 20мм,Санкт_Петербург_РФЦ,1,0,0,
Instax Shop,1281295474,m20silver,Ремешок для часов миланское плетение 20мм,ПУШКИНО_1_РФЦ,100,0,0,
Instax Shop,1281295474,m20silver,Ремешок для часов миланское плетение 20мм,СПБ_ШУШАРЫ_РФЦ,22,0,0,
Instax Shop,1281295474,m20silver,Ремешок для часов миланское плетение 20мм,ХАБАРОВСК_2_РФЦ,8,0,0,
Instax Shop,1281295474,m20silver,Ремешок для часов миланское плетение 20мм,СПБ_КОЛПИНО_РФЦ,41,0,0,
Instax Shop,1281295474,m20silver,Ремешок для часов миланское плетение 20мм,ОМСК_РФЦ,10,0,0,
Instax Shop,1281295474,m20silver,Ремешок для часов миланское плетение 20мм,ЯРОСЛАВЛЬ_РФЦ,18,0,0,
Instax Shop,1281295474,m20silver,Ремешок для часов миланское плетение 20мм,РОСТОВ_НА_ДОНУ_2_РФЦ,1,0,0,
Instax Shop,1281298623,m22silver,Ремешок для часов миланское плетение 22мм,Санкт_Петербург_РФЦ,4,0,0,
Instax Shop,1281298623,m22silver,Ремешок для часов миланское плетение 22мм,Екатеринбург_РФЦ_НОВЫЙ,10,0,0,
Instax Shop,1281298623,m22silver,Ремешок для часов миланское плетение 22мм,МИНСК_МПСЦ,1,0,0,
Instax Shop,1281298623,m22silver,Ремешок для часов миланское плетение 22мм,НИЖНИЙ_НОВГОРОД_РФЦ,1,0,0,
Instax Shop,1281298623,m22silver,Ремешок для часов миланское плетение 22мм,НОВОРОССИЙСК_РФЦ,4,0,0,
Instax Shop,1281298623,m22silver,Ремешок для часов миланское плетение 22мм,ПУШКИНО_1_РФЦ,111,0,0,
Instax Shop,1281298623,m22silver,Ремешок для часов миланское плетение 22мм,СПБ_ШУШАРЫ_РФЦ,4,0,0,
Instax Shop,1281298623,m22silver,Ремешок для часов миланское плетение 22мм,ВОРОНЕЖ_2_РФЦ,22,0,0,
Instax Shop,1281298623,m22silver,Ремешок для часов миланское плетение 22мм,СПБ_КОЛПИНО_РФЦ,38,0,0,
Instax Shop,1281298623,m22silver,Ремешок для часов миланское плетение 22мм,ЯРОСЛАВЛЬ_РФЦ,25,0,0,
Instax Shop,1281298623,m22silver,Ремешок для часов миланское плетение 22мм,НИЖНИЙ_НОВГОРОД_2_РФЦ,9,0,0,
Instax Shop,1283107014,r20black,Силиконовый ремешок для часов 20мм,Ростов_на_Дону_РФЦ,1,0,0,
Instax Shop,1283107014,r20black,Силиконовый ремешок для часов 20мм,Санкт_Петербург_РФЦ,14,0,0,
Instax Shop,1283107014,r20black,Силиконовый ремешок для часов 20мм,Казань_РФЦ_НОВЫЙ,4,0,0,
Instax Shop,1283107014,r20black,Силиконовый ремешок для часов 20мм,МИНСК_МПСЦ,1,0,0,
Instax Shop,1283107014,r20black,Силиконовый ремешок для часов 20мм,ВОРОНЕЖ_РФЦ,6,0,0,
Instax Shop,1283107014,r20black,Силиконовый ремешок для часов 20мм,ЖУКОВСКИЙ_РФЦ,17,0,0,
Instax Shop,1283107014,r20black,Силиконовый ремешок для часов 20мм,АДЫГЕЙСК_РФЦ,1,0,0,
Instax Shop,1283107014,r20black,Силиконовый ремешок для часов 20мм,ХАБАРОВСК_2_РФЦ,8,0,0,
Instax Shop,1283107014,r20black,Силиконовый ремешок для часов 20мм,ВОРОНЕЖ_2_РФЦ,3,0,0,
Instax Shop,1283107014,r20black,Силиконовый ремешок для часов 20мм,СПБ_КОЛПИНО_РФЦ,9,0,0,
Instax Shop,1283107014,r20black,Силиконовый ремешок для часов 20мм,ОРЕНБУРГ_РФЦ,6,0,0,
Instax Shop,1283107014,r20black,Силиконовый ремешок для часов 20мм,ПЕРМЬ_РФЦ,4,0,0,
Instax Shop,1283107014,r20black,Силиконовый ремешок для часов 20мм,ЯРОСЛАВЛЬ_РФЦ,8,0,0,
Instax Shop,1283113732,r24black,Силиконовый ремешок для часов 24мм,ХОРУГВИНО_РФЦ,30,0,1,
Instax Shop,1283113732,r24black,Силиконовый ремешок для часов 24мм,Санкт_Петербург_РФЦ,7,0,0,
Instax Shop,1283113732,r24black,Силиконовый ремешок для часов 24мм,МИНСК_МПСЦ,1,0,0,
Instax Shop,1283113732,r24black,Силиконовый ремешок для часов 24мм,ХАБАРОВСК_2_РФЦ,2,0,0,
Instax Shop,1283113732,r24black,Силиконовый ремешок для часов 24мм,СПБ_КОЛПИНО_РФЦ,11,0,0,
Instax Shop,1294068717,bnsgold,Брелок-нож складной золото,ХОРУГВИНО_РФЦ,10,0,0,
Instax Shop,1294068717,bnsgold,Брелок-нож складной золото,Новосибирск_РФЦ_НОВЫЙ,1,0,0,
Instax Shop,1294068717,bnsgold,Брелок-нож складной золото,СПБ_БУГРЫ_РФЦ,6,0,0,
Instax Shop,1294068717,bnsgold,Брелок-нож складной золото,ВОЛГОГРАД_РФЦ,1,0,0,
Instax Shop,1393784711,m18black,Ремешок для часов миланское плетение 18мм,ХОРУГВИНО_РФЦ,44,0,0,
Instax Shop,1393784711,m18black,Ремешок для часов миланское плетение 18мм,Ростов_на_Дону_РФЦ,7,0,0,
Instax Shop,1393784711,m18black,Ремешок для часов миланское плетение 18мм,НИЖНИЙ_НОВГОРОД_РФЦ,18,0,0,
Instax Shop,1393784711,m18black,Ремешок для часов миланское плетение 18мм,ПУШКИНО_1_РФЦ,61,0,0,
Instax Shop,1393784711,m18black,Ремешок для часов миланское плетение 18мм,СОФЬИНО_РФЦ,1,0,0,
Instax Shop,1393784711,m18black,Ремешок для часов миланское плетение 18мм,АДЫГЕЙСК_РФЦ,1,0,0,
Instax Shop,1393784711,m18black,Ремешок для часов миланское плетение 18мм,АСТАНА_РФЦ,1,0,0,
Instax Shop,1393784711,m18black,Ремешок для часов миланское плетение 18мм,ХАБАРОВСК_2_РФЦ,10,0,0,
Instax Shop,1393784711,m18black,Ремешок для часов миланское плетение 18мм,ВОРОНЕЖ_2_РФЦ,10,0,0,
Instax Shop,1393784711,m18black,Ремешок для часов миланское плетение 18мм,НЕВИННОМЫССК_РФЦ,1,0,0,
Instax Shop,1393784711,m18black,Ремешок для часов миланское плетение 18мм,СПБ_КОЛПИНО_РФЦ,33,0,1,
Instax Shop,1393784711,m18black,Ремешок для часов миланское плетение 18мм,ЯРОСЛАВЛЬ_РФЦ,10,0,0,
Instax Shop,1393784711,m18black,Ремешок для часов миланское плетение 18мм,РОСТОВ_НА_ДОНУ_2_РФЦ,12,0,0,
Instax Shop,1393792471,m20black,Ремешок для часов миланское плетение 20мм,ХОРУГВИНО_РФЦ,57,0,2,
Instax Shop,1393792471,m20black,Ремешок для часов миланское плетение 20мм,Санкт_Петербург_РФЦ,17,0,1,
Instax Shop,1393792471,m20black,Ремешок для часов миланское плетение 20мм,ПЕТРОВСКОЕ_РФЦ,70,0,0,
Instax Shop,1393792471,m20black,Ремешок для часов миланское плетение 20мм,СПБ_ШУШАРЫ_РФЦ,1,0,0,
Instax Shop,1393792471,m20black,Ремешок для часов миланское плетение 20мм,СПБ_КОЛПИНО_РФЦ,51,0,0,
Instax Shop,1393792471,m20black,Ремешок для часов миланское плетение 20мм,ЯРОСЛАВЛЬ_РФЦ,26,0,0,
Instax Shop,1393792471,m20black,Ремешок для часов миланское плетение 20мм,НИЖНИЙ_НОВГОРОД_2_РФЦ,3,0,0,
Instax Shop,1393797856,m22black,Ремешок для часов миланское плетение 22мм,ХОРУГВИНО_РФЦ,0,0,1,
Instax Shop,1393797856,m22black,Ремешок для часов миланское плетение 22мм,Ростов_на_Дону_РФЦ,1,0,0,
Instax Shop,1393797856,m22black,Ремешок для часов миланское плетение 22мм,ПЕТРОВСКОЕ_РФЦ,84,0,0,
Instax Shop,1393797856,m22black,Ремешок для часов миланское плетение 22мм,СПБ_КОЛПИНО_РФЦ,51,0,0,
Instax Shop,1393797856,m22black,Ремешок для часов миланское плетение 22мм,ЯРОСЛАВЛЬ_РФЦ,8,0,0,
Instax Shop,1393837402,m22gold,Ремешок для часов миланское плетение 22мм,КАЛИНИНГРАД_МРФЦ,1,0,0,
Instax Shop,1393855629,m22pink,Ремешок для часов миланское плетение 22мм,СПБ_БУГРЫ_РФЦ,11,0,0,
Instax Shop,1393855629,m22pink,Ремешок для часов миланское плетение 22мм,ХАБАРОВСК_2_РФЦ,1,0,0,
Instax Shop,1414409053,r20white,Силиконовый ремешок для часов 20мм,ХОРУГВИНО_РФЦ,18,0,0,
Instax Shop,1414409053,r20white,Силиконовый ремешок для часов 20мм,Санкт_Петербург_РФЦ,11,0,0,
Instax Shop,1414409053,r20white,Силиконовый ремешок для часов 20мм,Казань_РФЦ_НОВЫЙ,17,0,0,
Instax Shop,1414409053,r20white,Силиконовый ремешок для часов 20мм,ТВЕРЬ_РФЦ,1,0,0,
Instax Shop,1414409053,r20white,Силиконовый ремешок для часов 20мм,ВОРОНЕЖ_РФЦ,10,0,0,
Instax Shop,1414409053,r20white,Силиконовый ремешок для часов 20мм,ПУШКИНО_1_РФЦ,4,0,0,
Instax Shop,1414409053,r20white,Силиконовый ремешок для часов 20мм,ПУШКИНО_2_РФЦ,1,0,0,
Instax Shop,1414409053,r20white,Силиконовый ремешок для часов 20мм,ЖУКОВСКИЙ_РФЦ,4,0,0,
Instax Shop,1414409053,r20white,Силиконовый ремешок для часов 20мм,АДЫГЕЙСК_РФЦ,3,0,0,
Instax Shop,1414409053,r20white,Силиконовый ремешок для часов 20мм,ХАБАРОВСК_2_РФЦ,3,0,0,
Instax Shop,1414409053,r20white,Силиконовый ремешок для часов 20мм,ВОРОНЕЖ_2_РФЦ,3,0,0,
Instax Shop,1414409053,r20white,Силиконовый ремешок для часов 20мм,СПБ_КОЛПИНО_РФЦ,10,0,0,
Instax Shop,1414409053,r20white,Силиконовый ремешок для часов 20мм,ОРЕНБУРГ_РФЦ,9,0,0,
Instax Shop,1414409053,r20white,Силиконовый ремешок для часов 20мм,ПЕРМЬ_РФЦ,7,0,0,
Instax Shop,1414409053,r20white,Силиконовый ремешок для часов 20мм,ЯРОСЛАВЛЬ_РФЦ,10,0,0,
Instax Shop,1414409053,r20white,Силиконовый ремешок для часов 20мм,ТЮМЕНЬ_РФЦ,1,0,0,
Instax Shop,1414409162,r22white,Силиконовый ремешок для часов 22мм,ХОРУГВИНО_РФЦ,22,0,0,
Instax Shop,1414409162,r22white,Силиконовый ремешок для часов 22мм,Ростов_на_Дону_РФЦ,7,0,0,
Instax Shop,1414409162,r22white,Силиконовый ремешок для часов 22мм,Санкт_Петербург_РФЦ,13,0,0,
Instax Shop,1414409162,r22white,Силиконовый ремешок для часов 22мм,Казань_РФЦ_НОВЫЙ,18,0,0,
Instax Shop,1414409162,r22white,Силиконовый ремешок для часов 22мм,КАЛИНИНГРАД_МРФЦ,1,0,0,
Instax Shop,1414409162,r22white,Силиконовый ремешок для часов 22мм,ВОРОНЕЖ_РФЦ,9,0,0,
Instax Shop,1414409162,r22white,Силиконовый ремешок для часов 22мм,АДЫГЕЙСК_РФЦ,7,0,0,
Instax Shop,1414409162,r22white,Силиконовый ремешок для часов 22мм,ГРИВНО_РФЦ,1,0,0,
Instax Shop,1414409162,r22white,Силиконовый ремешок для часов 22мм,ХАБАРОВСК_2_РФЦ,8,0,0,
Instax Shop,1414409162,r22white,Силиконовый ремешок для часов 22мм,ВОРОНЕЖ_2_РФЦ,3,0,0,
Instax Shop,1414409162,r22white,Силиконовый ремешок для часов 22мм,НЕВИННОМЫССК_РФЦ,1,0,0,
Instax Shop,1414409162,r22white,Силиконовый ремешок для часов 22мм,СПБ_КОЛПИНО_РФЦ,10,0,0,
Instax Shop,1414409162,r22white,Силиконовый ремешок для часов 22мм,ОРЕНБУРГ_РФЦ,10,0,0,
Instax Shop,1414409162,r22white,Силиконовый ремешок для часов 22мм,ДОМОДЕДОВО_РФЦ,1,0,0,
Instax Shop,1414409162,r22white,Силиконовый ремешок для часов 22мм,ПЕРМЬ_РФЦ,9,0,0,
Instax Shop,1414409162,r22white,Силиконовый ремешок для часов 22мм,ЯРОСЛАВЛЬ_РФЦ,10,0,0,
Instax Shop,1414409252,r24white,Силиконовый ремешок для часов 24мм,ХОРУГВИНО_РФЦ,12,0,0,
Instax Shop,1414409252,r24white,Силиконовый ремешок для часов 24мм,Санкт_Петербург_РФЦ,7,0,0,
Instax Shop,1414409252,r24white,Силиконовый ремешок для часов 24мм,Казань_РФЦ_НОВЫЙ,12,0,0,
Instax Shop,1414409252,r24white,Силиконовый ремешок для часов 24мм,НОВОРОССИЙСК_РФЦ,1,0,0,
Instax Shop,1414409252,r24white,Силиконовый ремешок для часов 24мм,ВОРОНЕЖ_РФЦ,8,0,0,
Instax Shop,1414409252,r24white,Силиконовый ремешок для часов 24мм,ПЕТРОВСКОЕ_РФЦ,1,0,0,
Instax Shop,1414409252,r24white,Силиконовый ремешок для часов 24мм,АДЫГЕЙСК_РФЦ,5,0,0,
Instax Shop,1414409252,r24white,Силиконовый ремешок для часов 24мм,ХАБАРОВСК_2_РФЦ,8,0,0,
Instax Shop,1414409252,r24white,Силиконовый ремешок для часов 24мм,СПБ_КОЛПИНО_РФЦ,9,0,0,
Instax Shop,1414409252,r24white,Силиконовый ремешок для часов 24мм,ОРЕНБУРГ_РФЦ,9,0,0,
Instax Shop,1414409252,r24white,Силиконовый ремешок для часов 24мм,ПЕРМЬ_РФЦ,4,0,0,
Instax Shop,1414409252,r24white,Силиконовый ремешок для часов 24мм,ЯРОСЛАВЛЬ_РФЦ,9,0,0,
Instax Shop,1531108633,m16silver,Ремешок для часов миланское плетение 16мм,ХОРУГВИНО_РФЦ,21,0,0,
Instax Shop,1531108633,m16silver,Ремешок для часов миланское плетение 16мм,Ростов_на_Дону_РФЦ,5,0,0,
Instax Shop,1531108633,m16silver,Ремешок для часов миланское плетение 16мм,Новосибирск_РФЦ_НОВЫЙ,1,0,0,
Instax Shop,1531108633,m16silver,Ремешок для часов миланское плетение 16мм,Казань_РФЦ_НОВЫЙ,1,0,0,
Instax Shop,1531108633,m16silver,Ремешок для часов миланское плетение 16мм,НИЖНИЙ_НОВГОРОД_РФЦ,15,0,0,
Instax Shop,1531108633,m16silver,Ремешок для часов миланское плетение 16мм,НОВОРОССИЙСК_РФЦ,1,0,0,
Instax Shop,1531108633,m16silver,Ремешок для часов миланское плетение 16мм,ВОРОНЕЖ_РФЦ,1,0,0,
Instax Shop,1531108633,m16silver,Ремешок для часов миланское плетение 16мм,ПУШКИНО_1_РФЦ,14,0,0,
Instax Shop,1531108633,m16silver,Ремешок для часов миланское плетение 16мм,СПБ_БУГРЫ_РФЦ,4,0,0,
Instax Shop,1531108633,m16silver,Ремешок для часов миланское плетение 16мм,АДЫГЕЙСК_РФЦ,5,0,0,
Instax Shop,1531108633,m16silver,Ремешок для часов миланское плетение 16мм,СПБ_ШУШАРЫ_РФЦ,18,0,0,
Instax Shop,1531108633,m16silver,Ремешок для часов миланское плетение 16мм,ХАБАРОВСК_2_РФЦ,4,0,0,
Instax Shop,1531108633,m16silver,Ремешок для часов миланское плетение 16мм,ВОРОНЕЖ_2_РФЦ,15,0,0,
Instax Shop,1531108633,m16silver,Ремешок для часов миланское плетение 16мм,НЕВИННОМЫССК_РФЦ,9,0,0,
Instax Shop,1531108633,m16silver,Ремешок для часов миланское плетение 16мм,СПБ_КОЛПИНО_РФЦ,1,0,0,
Instax Shop,1531108633,m16silver,Ремешок для часов миланское плетение 16мм,ОМСК_РФЦ,29,0,0,
Instax Shop,1531108633,m16silver,Ремешок для часов миланское плетение 16мм,ОРЕНБУРГ_РФЦ,1,0,0,
Instax Shop,1531108633,m16silver,Ремешок для часов миланское плетение 16мм,ПЕРМЬ_РФЦ,25,0,0,
Instax Shop,1531108633,m16silver,Ремешок для часов миланское плетение 16мм,ЯРОСЛАВЛЬ_РФЦ,9,0,0,
Instax Shop,1531108633,m16silver,Ремешок для часов миланское плетение 16мм,КЕМЕРОВО_РФЦ,1,0,0,
Instax Shop,1775029087,m16black,Ремешок для часов миланское плетение 16мм,ХОРУГВИНО_РФЦ,36,0,0,
Instax Shop,1775029087,m16black,Ремешок для часов миланское плетение 16мм,Ростов_на_Дону_РФЦ,8,0,0,
Instax Shop,1775029087,m16black,Ремешок для часов миланское плетение 16мм,Новосибирск_РФЦ_НОВЫЙ,9,0,0,
Instax Shop,1775029087,m16black,Ремешок для часов миланское плетение 16мм,Екатеринбург_РФЦ_НОВЫЙ,7,0,0,
Instax Shop,1775029087,m16black,Ремешок для часов миланское плетение 16мм,КАЛИНИНГРАД_МРФЦ,1,0,0,
Instax Shop,1775029087,m16black,Ремешок для часов миланское плетение 16мм,НИЖНИЙ_НОВГОРОД_РФЦ,25,0,0,
Instax Shop,1775029087,m16black,Ремешок для часов миланское плетение 16мм,ВОРОНЕЖ_РФЦ,1,0,0,
Instax Shop,1775029087,m16black,Ремешок для часов миланское плетение 16мм,СПБ_БУГРЫ_РФЦ,16,0,0,
Instax Shop,1775029087,m16black,Ремешок для часов миланское плетение 16мм,ПЕТРОВСКОЕ_РФЦ,23,0,0,
Instax Shop,1775029087,m16black,Ремешок для часов миланское плетение 16мм,АДЫГЕЙСК_РФЦ,12,0,0,
Instax Shop,1775029087,m16black,Ремешок для часов миланское плетение 16мм,ЕРЕВАН_МРФЦ,1,0,0,
Instax Shop,1775029087,m16black,Ремешок для часов миланское плетение 16мм,СПБ_ШУШАРЫ_РФЦ,15,0,0,
Instax Shop,1775029087,m16black,Ремешок для часов миланское плетение 16мм,ХАБАРОВСК_2_РФЦ,4,0,0,
Instax Shop,1775029087,m16black,Ремешок для часов миланское плетение 16мм,ВОРОНЕЖ_2_РФЦ,22,0,0,
Instax Shop,1775029087,m16black,Ремешок для часов миланское плетение 16мм,НЕВИННОМЫССК_РФЦ,6,0,0,
Instax Shop,1775029087,m16black,Ремешок для часов миланское плетение 16мм,ОМСК_РФЦ,14,0,0,
Instax Shop,1775029087,m16black,Ремешок для часов миланское плетение 16мм,ОРЕНБУРГ_РФЦ,13,0,0,
Instax Shop,1775029087,m16black,Ремешок для часов миланское плетение 16мм,ПЕРМЬ_РФЦ,7,0,0,
Instax Shop,1775029087,m16black,Ремешок для часов миланское плетение 16мм,ЯРОСЛАВЛЬ_РФЦ,16,0,0,
Instax Shop,1775029087,m16black,Ремешок для часов миланское плетение 16мм,КРАСНОЯРСК_СТАРЦЕВО_РФЦ,1,0,0,
Instax Shop,1854586842,gatblue,Ремешок для часов G-SHOCK тканевый синий,ПУШКИНО_2_РФЦ,8,0,0,
Instax Shop,1854586842,gatblue,Ремешок для часов G-SHOCK тканевый синий,СПБ_БУГРЫ_РФЦ,23,0,0,
Instax Shop,1854586887,gatorange,Ремешок для часов G-SHOCK тканевый оранжевый,ХОРУГВИНО_РФЦ,4,0,0,
Instax Shop,1854586887,gatorange,Ремешок для часов G-SHOCK тканевый оранжевый,ПУШКИНО_2_РФЦ,47,0,0,
Instax Shop,1854586887,gatorange,Ремешок для часов G-SHOCK тканевый оранжевый,СПБ_БУГРЫ_РФЦ,28,0,0,
Instax Shop,1854586926,gatgrey,Ремешок для часов G-SHOCK тканевый серый,ПУШКИНО_2_РФЦ,10,0,0,
Instax Shop,1854586926,gatgrey,Ремешок для часов G-SHOCK тканевый серый,СПБ_БУГРЫ_РФЦ,16,0,0,
Instax Shop,1857076926,nato18black,Ремешок нейлоновый черный 18мм,Екатеринбург_РФЦ_НОВЫЙ,1,0,0,
Instax Shop,1857076926,nato18black,Ремешок нейлоновый черный 18мм,НИЖНИЙ_НОВГОРОД_РФЦ,16,0,0,
Instax Shop,1857076926,nato18black,Ремешок нейлоновый черный 18мм,СПБ_БУГРЫ_РФЦ,13,0,0,
Instax Shop,1857076926,nato18black,Ремешок нейлоновый черный 18мм,ПЕТРОВСКОЕ_РФЦ,19,0,0,
Instax Shop,1857076926,nato18black,Ремешок нейлоновый черный 18мм,ВОРОНЕЖ_2_РФЦ,3,0,0,
Instax Shop,1857076926,nato18black,Ремешок нейлоновый черный 18мм,СПБ_КОЛПИНО_РФЦ,1,0,0,
Instax Shop,1857076926,nato18black,Ремешок нейлоновый черный 18мм,ОМСК_РФЦ,6,0,0,
Instax Shop,1857076926,nato18black,Ремешок нейлоновый черный 18мм,ОРЕНБУРГ_РФЦ,16,0,0,
Instax Shop,1857076926,nato18black,Ремешок нейлоновый черный 18мм,ЯРОСЛАВЛЬ_РФЦ,4,0,0,
Instax Shop,1857076973,nato18blue,Ремешок нейлоновый синий 18мм,СПБ_КОЛПИНО_РФЦ,6,0,0,
Instax Shop,1857076994,nato18orange,Ремешок нейлоновый оранжевый 18мм,ХОРУГВИНО_РФЦ,12,0,0,
Instax Shop,1857076994,nato18orange,Ремешок нейлоновый оранжевый 18мм,Ростов_на_Дону_РФЦ,7,0,0,
Instax Shop,1857076994,nato18orange,Ремешок нейлоновый оранжевый 18мм,ТВЕРЬ_РФЦ,1,0,0,
Instax Shop,1857076994,nato18orange,Ремешок нейлоновый оранжевый 18мм,СПБ_БУГРЫ_РФЦ,10,0,0,
Instax Shop,1857076994,nato18orange,Ремешок нейлоновый оранжевый 18мм,АДЫГЕЙСК_РФЦ,1,0,0,
Instax Shop,1857076994,nato18orange,Ремешок нейлоновый оранжевый 18мм,ВОЛГОГРАД_РФЦ,1,0,0,
Instax Shop,1857076994,nato18orange,Ремешок нейлоновый оранжевый 18мм,ГРИВНО_РФЦ,1,0,0,
Instax Shop,1857076994,nato18orange,Ремешок нейлоновый оранжевый 18мм,СПБ_КОЛПИНО_РФЦ,7,0,0,
Instax Shop,1857077013,nato20black,Ремешок нейлоновый черный 20мм,Ростов_на_Дону_РФЦ,3,0,1,
Instax Shop,1857077013,nato20black,Ремешок нейлоновый черный 20мм,Екатеринбург_РФЦ_НОВЫЙ,5,0,0,
Instax Shop,1857077013,nato20black,Ремешок нейлоновый черный 20мм,НИЖНИЙ_НОВГОРОД_РФЦ,8,0,0,
Instax Shop,1857077013,nato20black,Ремешок нейлоновый черный 20мм,НОВОРОССИЙСК_РФЦ,1,0,0,
Instax Shop,1857077013,nato20black,Ремешок нейлоновый черный 20мм,СПБ_БУГРЫ_РФЦ,23,0,0,
Instax Shop,1857077013,nato20black,Ремешок нейлоновый черный 20мм,ВОРОНЕЖ_2_РФЦ,7,0,0,
Instax Shop,1857077013,nato20black,Ремешок нейлоновый черный 20мм,ОМСК_РФЦ,1,0,0,
Instax Shop,1857077013,nato20black,Ремешок нейлоновый черный 20мм,ОРЕНБУРГ_РФЦ,22,0,0,
Instax Shop,1857077013,nato20black,Ремешок нейлоновый черный 20мм,ЯРОСЛАВЛЬ_РФЦ,5,0,0,
Instax Shop,1857077016,nato22grey,Ремешок нейлоновый серый 22мм,ХОРУГВИНО_РФЦ,4,0,0,
Instax Shop,1857077016,nato22grey,Ремешок нейлоновый серый 22мм,Казань_РФЦ_НОВЫЙ,1,0,0,
Instax Shop,1857077016,nato22grey,Ремешок нейлоновый серый 22мм,СОФЬИНО_РФЦ,1,0,0,
Instax Shop,1857077016,nato22grey,Ремешок нейлоновый серый 22мм,ВОЛГОГРАД_РФЦ,1,0,0,
Instax Shop,1857077016,nato22grey,Ремешок нейлоновый серый 22мм,СПБ_КОЛПИНО_РФЦ,3,0,0,
Instax Shop,1857077026,nato22orange,Ремешок нейлоновый оранжевый 22мм,Ростов_на_Дону_РФЦ,6,0,0,
Instax Shop,1857077026,nato22orange,Ремешок нейлоновый оранжевый 22мм,ВОРОНЕЖ_РФЦ,1,0,0,
Instax Shop,1857077026,nato22orange,Ремешок нейлоновый оранжевый 22мм,ПУШКИНО_1_РФЦ,1,0,0,
Instax Shop,1857077026,nato22orange,Ремешок нейлоновый оранжевый 22мм,СПБ_БУГРЫ_РФЦ,8,0,0,
Instax Shop,1857077026,nato22orange,Ремешок нейлоновый оранжевый 22мм,АДЫГЕЙСК_РФЦ,1,0,0,
Instax Shop,1857077026,nato22orange,Ремешок нейлоновый оранжевый 22мм,СПБ_КОЛПИНО_РФЦ,7,0,0,
Instax Shop,1857077028,nato20green,Ремешок нейлоновый хаки 20мм,ХОРУГВИНО_РФЦ,9,0,0,
Instax Shop,1857077028,nato20green,Ремешок нейлоновый хаки 20мм,Ростов_на_Дону_РФЦ,14,0,0,
Instax Shop,1857077028,nato20green,Ремешок нейлоновый хаки 20мм,Новосибирск_РФЦ_НОВЫЙ,5,0,0,
Instax Shop,1857077028,nato20green,Ремешок нейлоновый хаки 20мм,Екатеринбург_РФЦ_НОВЫЙ,7,0,0,
Instax Shop,1857077028,nato20green,Ремешок нейлоновый хаки 20мм,НИЖНИЙ_НОВГОРОД_РФЦ,3,0,0,
Instax Shop,1857077028,nato20green,Ремешок нейлоновый хаки 20мм,СПБ_БУГРЫ_РФЦ,20,0,0,
Instax Shop,1857077028,nato20green,Ремешок нейлоновый хаки 20мм,ПЕТРОВСКОЕ_РФЦ,12,0,0,
Instax Shop,1857077028,nato20green,Ремешок нейлоновый хаки 20мм,ЖУКОВСКИЙ_РФЦ,1,0,0,
Instax Shop,1857077028,nato20green,Ремешок нейлоновый хаки 20мм,СОФЬИНО_РФЦ,1,0,0,
Instax Shop,1857077028,nato20green,Ремешок нейлоновый хаки 20мм,АДЫГЕЙСК_РФЦ,1,0,0,
Instax Shop,1857077028,nato20green,Ремешок нейлоновый хаки 20мм,СПБ_КОЛПИНО_РФЦ,4,0,0,
Instax Shop,1857077028,nato20green,Ремешок нейлоновый хаки 20мм,ОМСК_РФЦ,1,0,0,
Instax Shop,1857077028,nato20green,Ремешок нейлоновый хаки 20мм,ПЕРМЬ_РФЦ,1,0,0,
Instax Shop,1857077028,nato20green,Ремешок нейлоновый хаки 20мм,ТЮМЕНЬ_РФЦ,1,0,0,
Instax Shop,1857077028,nato20green,Ремешок нейлоновый хаки 20мм,КРАСНОЯРСК_СТАРЦЕВО_РФЦ,1,0,0,
Instax Shop,1857077034,nato20orange,Ремешок нейлоновый оранжевый 20мм,ХОРУГВИНО_РФЦ,14,0,0,
Instax Shop,1857077034,nato20orange,Ремешок нейлоновый оранжевый 20мм,Ростов_на_Дону_РФЦ,3,0,0,
Instax Shop,1857077034,nato20orange,Ремешок нейлоновый оранжевый 20мм,СПБ_БУГРЫ_РФЦ,9,0,0,
Instax Shop,1857077034,nato20orange,Ремешок нейлоновый оранжевый 20мм,НЕВИННОМЫССК_РФЦ,1,0,0,
Instax Shop,1857077034,nato20orange,Ремешок нейлоновый оранжевый 20мм,СПБ_КОЛПИНО_РФЦ,6,0,0,
Instax Shop,1857077035,nato22black,Ремешок нейлоновый черный 22мм,НИЖНИЙ_НОВГОРОД_РФЦ,6,0,1,
Instax Shop,1857077035,nato22black,Ремешок нейлоновый черный 22мм,СПБ_БУГРЫ_РФЦ,18,0,0,
Instax Shop,1857077035,nato22black,Ремешок нейлоновый черный 22мм,СПБ_ШУШАРЫ_РФЦ,1,0,0,
Instax Shop,1857077035,nato22black,Ремешок нейлоновый черный 22мм,ОРЕНБУРГ_РФЦ,12,0,0,
Instax Shop,1857077043,nato18grey,Ремешок нейлоновый серый 18мм,Новосибирск_РФЦ_НОВЫЙ,2,0,0,
Instax Shop,1857077043,nato18grey,Ремешок нейлоновый серый 18мм,СПБ_КОЛПИНО_РФЦ,5,0,0,
Instax Shop,1857077043,nato18grey,Ремешок нейлоновый серый 18мм,АЛМАТЫ_2_РФЦ,1,0,0,
Instax Shop,1857077047,nato20blue,Ремешок нейлоновый синий 20мм,СПБ_КОЛПИНО_РФЦ,1,0,0,
Instax Shop,1857077051,nato18green,Ремешок нейлоновый хаки 18мм,ХОРУГВИНО_РФЦ,4,0,0,
Instax Shop,1857077051,nato18green,Ремешок нейлоновый хаки 18мм,Ростов_на_Дону_РФЦ,12,0,0,
Instax Shop,1857077051,nato18green,Ремешок нейлоновый хаки 18мм,Новосибирск_РФЦ_НОВЫЙ,4,0,0,
Instax Shop,1857077051,nato18green,Ремешок нейлоновый хаки 18мм,Екатеринбург_РФЦ_НОВЫЙ,6,0,0,
Instax Shop,1857077051,nato18green,Ремешок нейлоновый хаки 18мм,МИНСК_МПСЦ,1,0,0,
Instax Shop,1857077051,nato18green,Ремешок нейлоновый хаки 18мм,НИЖНИЙ_НОВГОРОД_РФЦ,7,0,0,
Instax Shop,1857077051,nato18green,Ремешок нейлоновый хаки 18мм,СПБ_БУГРЫ_РФЦ,17,0,0,
Instax Shop,1857077051,nato18green,Ремешок нейлоновый хаки 18мм,ПЕТРОВСКОЕ_РФЦ,14,0,0,
Instax Shop,1857077051,nato18green,Ремешок нейлоновый хаки 18мм,СПБ_ШУШАРЫ_РФЦ,1,0,0,
Instax Shop,1857077051,nato18green,Ремешок нейлоновый хаки 18мм,НЕВИННОМЫССК_РФЦ,2,0,0,
Instax Shop,1857077051,nato18green,Ремешок нейлоновый хаки 18мм,СПБ_КОЛПИНО_РФЦ,4,0,0,
Instax Shop,1857077051,nato18green,Ремешок нейлоновый хаки 18мм,ОМСК_РФЦ,10,0,0,
Instax Shop,1857077051,nato18green,Ремешок нейлоновый хаки 18мм,ДОМОДЕДОВО_РФЦ,1,0,0,
Instax Shop,1857077059,nato22green,Ремешок нейлоновый хаки 22мм,ХОРУГВИНО_РФЦ,9,0,0,
Instax Shop,1857077059,nato22green,Ремешок нейлоновый хаки 22мм,Ростов_на_Дону_РФЦ,9,0,0,
Instax Shop,1857077059,nato22green,Ремешок нейлоновый хаки 22мм,Казань_РФЦ_НОВЫЙ,1,0,0,
Instax Shop,1857077059,nato22green,Ремешок нейлоновый хаки 22мм,Екатеринбург_РФЦ_НОВЫЙ,11,0,0,
Instax Shop,1857077059,nato22green,Ремешок нейлоновый хаки 22мм,ТВЕРЬ_РФЦ,1,0,0,
Instax Shop,1857077059,nato22green,Ремешок нейлоновый хаки 22мм,НИЖНИЙ_НОВГОРОД_РФЦ,6,0,0,
Instax Shop,1857077059,nato22green,Ремешок нейлоновый хаки 22мм,ПУШКИНО_1_РФЦ,3,0,0,
Instax Shop,1857077059,nato22green,Ремешок нейлоновый хаки 22мм,СПБ_БУГРЫ_РФЦ,18,0,0,
Instax Shop,1857077059,nato22green,Ремешок нейлоновый хаки 22мм,ПЕТРОВСКОЕ_РФЦ,17,0,0,
Instax Shop,1857077059,nato22green,Ремешок нейлоновый хаки 22мм,СПБ_КОЛПИНО_РФЦ,3,0,0,
Instax Shop,1967320770,nato24green,Ремешок нейлоновый хаки 24мм,ХОРУГВИНО_РФЦ,11,0,0,
Instax Shop,1967320770,nato24green,Ремешок нейлоновый хаки 24мм,СПБ_БУГРЫ_РФЦ,12,0,0,
Instax Shop,1967682092,mag20black,Ремешок для часов с магнитной застежкой 20мм,ХОРУГВИНО_РФЦ,35,0,0,
Instax Shop,1967682092,mag20black,Ремешок для часов с магнитной застежкой 20мм,Санкт_Петербург_РФЦ,16,0,0,
Instax Shop,1967682092,mag20black,Ремешок для часов с магнитной застежкой 20мм,Новосибирск_РФЦ_НОВЫЙ,3,0,0,
Instax Shop,1967682092,mag20black,Ремешок для часов с магнитной застежкой 20мм,НИЖНИЙ_НОВГОРОД_РФЦ,10,0,0,
Instax Shop,1967682092,mag20black,Ремешок для часов с магнитной застежкой 20мм,НОВОРОССИЙСК_РФЦ,12,0,0,
Instax Shop,1967682092,mag20black,Ремешок для часов с магнитной застежкой 20мм,ВОРОНЕЖ_РФЦ,1,0,0,
Instax Shop,1967682092,mag20black,Ремешок для часов с магнитной застежкой 20мм,ПУШКИНО_1_РФЦ,182,0,0,
Instax Shop,1967682092,mag20black,Ремешок для часов с магнитной застежкой 20мм,СПБ_БУГРЫ_РФЦ,21,0,0,
Instax Shop,1967682092,mag20black,Ремешок для часов с магнитной застежкой 20мм,СОФЬИНО_РФЦ,1,0,0,
Instax Shop,1967682092,mag20black,Ремешок для часов с магнитной застежкой 20мм,АДЫГЕЙСК_РФЦ,8,0,0,
Instax Shop,1967682092,mag20black,Ремешок для часов с магнитной застежкой 20мм,ГРИВНО_РФЦ,1,0,0,
Instax Shop,1967682092,mag20black,Ремешок для часов с магнитной застежкой 20мм,СПБ_ШУШАРЫ_РФЦ,1,0,0,
Instax Shop,1967682092,mag20black,Ремешок для часов с магнитной застежкой 20мм,ХАБАРОВСК_2_РФЦ,4,0,0,
Instax Shop,1967682092,mag20black,Ремешок для часов с магнитной застежкой 20мм,ВОРОНЕЖ_2_РФЦ,8,0,0,
Instax Shop,1967682092,mag20black,Ремешок для часов с магнитной застежкой 20мм,НЕВИННОМЫССК_РФЦ,17,0,0,
Instax Shop,1967682092,mag20black,Ремешок для часов с магнитной застежкой 20мм,СПБ_КОЛПИНО_РФЦ,50,0,0,
Instax Shop,1967682092,mag20black,Ремешок для часов с магнитной застежкой 20мм,ОМСК_РФЦ,11,0,0,
Instax Shop,1967682092,mag20black,Ремешок для часов с магнитной застежкой 20мм,ПЕРМЬ_РФЦ,12,0,0,
Instax Shop,1967682092,mag20black,Ремешок для часов с магнитной застежкой 20мм,ЯРОСЛАВЛЬ_РФЦ,8,0,0,
Instax Shop,1967682200,mag18silver,Ремешок для часов с магнитной застежкой 18мм,ХОРУГВИНО_РФЦ,113,0,0,
Instax Shop,1967682200,mag18silver,Ремешок для часов с магнитной застежкой 18мм,Санкт_Петербург_РФЦ,68,0,0,
Instax Shop,1967682200,mag18silver,Ремешок для часов с магнитной застежкой 18мм,ПЕРМЬ_РФЦ,1,0,0,
Instax Shop,1967682200,mag18silver,Ремешок для часов с магнитной застежкой 18мм,ЯРОСЛАВЛЬ_РФЦ,26,0,0,
Instax Shop,1967682200,mag18silver,Ремешок для часов с магнитной застежкой 18мм,НИЖНИЙ_НОВГОРОД_2_РФЦ,13,0,0,
Instax Shop,1967682223,mag22black,Ремешок для часов с магнитной застежкой 22мм,ХОРУГВИНО_РФЦ,114,0,0,
Instax Shop,1967682223,mag22black,Ремешок для часов с магнитной застежкой 22мм,Санкт_Петербург_РФЦ,73,0,0,
Instax Shop,1967682223,mag22black,Ремешок для часов с магнитной застежкой 22мм,Екатеринбург_РФЦ_НОВЫЙ,8,0,0,
Instax Shop,1967682223,mag22black,Ремешок для часов с магнитной застежкой 22мм,НИЖНИЙ_НОВГОРОД_РФЦ,1,0,0,
Instax Shop,1967682223,mag22black,Ремешок для часов с магнитной застежкой 22мм,ОРЕНБУРГ_РФЦ,1,0,0,
Instax Shop,1967682223,mag22black,Ремешок для часов с магнитной застежкой 22мм,ЯРОСЛАВЛЬ_РФЦ,26,0,0,
Instax Shop,1967682223,mag22black,Ремешок для часов с магнитной застежкой 22мм,НИЖНИЙ_НОВГОРОД_2_РФЦ,11,0,0,
Instax Shop,1967682256,mag22silver,Ремешок для часов с магнитной застежкой 22мм,ХОРУГВИНО_РФЦ,17,0,0,
Instax Shop,1967682256,mag22silver,Ремешок для часов с магнитной застежкой 22мм,Санкт_Петербург_РФЦ,9,0,0,
Instax Shop,1967682256,mag22silver,Ремешок для часов с магнитной застежкой 22мм,МИНСК_МПСЦ,1,0,0,
Instax Shop,1967682256,mag22silver,Ремешок для часов с магнитной застежкой 22мм,НИЖНИЙ_НОВГОРОД_РФЦ,4,0,0,
Instax Shop,1967682256,mag22silver,Ремешок для часов с магнитной застежкой 22мм,НОВОРОССИЙСК_РФЦ,3,0,0,
Instax Shop,1967682256,mag22silver,Ремешок для часов с магнитной застежкой 22мм,ПУШКИНО_1_РФЦ,83,0,0,
Instax Shop,1967682256,mag22silver,Ремешок для часов с магнитной застежкой 22мм,ПУШКИНО_2_РФЦ,19,0,0,
Instax Shop,1967682256,mag22silver,Ремешок для часов с магнитной застежкой 22мм,СПБ_БУГРЫ_РФЦ,35,0,0,
Instax Shop,1967682256,mag22silver,Ремешок для часов с магнитной застежкой 22мм,АДЫГЕЙСК_РФЦ,7,0,0,
Instax Shop,1967682256,mag22silver,Ремешок для часов с магнитной застежкой 22мм,НОГИНСК_РФЦ,1,0,0,
Instax Shop,1967682256,mag22silver,Ремешок для часов с магнитной застежкой 22мм,ХАБАРОВСК_2_РФЦ,5,0,0,
Instax Shop,1967682256,mag22silver,Ремешок для часов с магнитной застежкой 22мм,ВОРОНЕЖ_2_РФЦ,7,0,0,
Instax Shop,1967682256,mag22silver,Ремешок для часов с магнитной застежкой 22мм,НЕВИННОМЫССК_РФЦ,7,0,0,
Instax Shop,1967682256,mag22silver,Ремешок для часов с магнитной застежкой 22мм,СПБ_КОЛПИНО_РФЦ,45,0,0,
Instax Shop,1967682256,mag22silver,Ремешок для часов с магнитной застежкой 22мм,ОМСК_РФЦ,10,0,0,
Instax Shop,1967682256,mag22silver,Ремешок для часов с магнитной застежкой 22мм,ПЕРМЬ_РФЦ,3,0,0,
Instax Shop,1967682256,mag22silver,Ремешок для часов с магнитной застежкой 22мм,ЯРОСЛАВЛЬ_РФЦ,6,0,0,
Instax Shop,1967682262,mag18black,Ремешок для часов с магнитной застежкой 18мм,ХОРУГВИНО_РФЦ,65,0,0,
Instax Shop,1967682262,mag18black,Ремешок для часов с магнитной застежкой 18мм,Санкт_Петербург_РФЦ,24,0,0,
Instax Shop,1967682262,mag18black,Ремешок для часов с магнитной застежкой 18мм,ПУШКИНО_1_РФЦ,79,0,0,
Instax Shop,1967682262,mag18black,Ремешок для часов с магнитной застежкой 18мм,ПУШКИНО_2_РФЦ,1,0,0,
Instax Shop,1967682262,mag18black,Ремешок для часов с магнитной застежкой 18мм,СПБ_БУГРЫ_РФЦ,2,0,0,
Instax Shop,1967682262,mag18black,Ремешок для часов с магнитной застежкой 18мм,ХАБАРОВСК_2_РФЦ,3,0,0,
Instax Shop,1967682262,mag18black,Ремешок для часов с магнитной застежкой 18мм,ВОРОНЕЖ_2_РФЦ,1,0,0,
Instax Shop,1967682262,mag18black,Ремешок для часов с магнитной застежкой 18мм,НЕВИННОМЫССК_РФЦ,8,0,1,
Instax Shop,1967682262,mag18black,Ремешок для часов с магнитной застежкой 18мм,СПБ_КОЛПИНО_РФЦ,41,0,0,
Instax Shop,1967682262,mag18black,Ремешок для часов с магнитной застежкой 18мм,ОМСК_РФЦ,3,0,0,
Instax Shop,1967682432,mag20silver,Ремешок для часов с магнитной застежкой 20мм,ХОРУГВИНО_РФЦ,25,0,0,
Instax Shop,1967682432,mag20silver,Ремешок для часов с магнитной застежкой 20мм,Ростов_на_Дону_РФЦ,3,0,0,
Instax Shop,1967682432,mag20silver,Ремешок для часов с магнитной застежкой 20мм,Санкт_Петербург_РФЦ,11,0,0,
Instax Shop,1967682432,mag20silver,Ремешок для часов с магнитной застежкой 20мм,Новосибирск_РФЦ_НОВЫЙ,8,0,0,
Instax Shop,1967682432,mag20silver,Ремешок для часов с магнитной застежкой 20мм,Казань_РФЦ_НОВЫЙ,1,0,0,
Instax Shop,1967682432,mag20silver,Ремешок для часов с магнитной застежкой 20мм,ТВЕРЬ_РФЦ,1,0,0,
Instax Shop,1967682432,mag20silver,Ремешок для часов с магнитной застежкой 20мм,НИЖНИЙ_НОВГОРОД_РФЦ,10,0,0,
Instax Shop,1967682432,mag20silver,Ремешок для часов с магнитной застежкой 20мм,НОВОРОССИЙСК_РФЦ,9,0,0,
Instax Shop,1967682432,mag20silver,Ремешок для часов с магнитной застежкой 20мм,ПУШКИНО_1_РФЦ,92,0,0,
Instax Shop,1967682432,mag20silver,Ремешок для часов с магнитной застежкой 20мм,ПУШКИНО_2_РФЦ,2,0,0,
Instax Shop,1967682432,mag20silver,Ремешок для часов с магнитной застежкой 20мм,СПБ_БУГРЫ_РФЦ,23,0,0,
Instax Shop,1967682432,mag20silver,Ремешок для часов с магнитной застежкой 20мм,АДЫГЕЙСК_РФЦ,15,0,0,
Instax Shop,1967682432,mag20silver,Ремешок для часов с магнитной застежкой 20мм,ХАБАРОВСК_2_РФЦ,12,0,0,
Instax Shop,1967682432,mag20silver,Ремешок для часов с магнитной застежкой 20мм,ВОРОНЕЖ_2_РФЦ,9,0,0,
Instax Shop,1967682432,mag20silver,Ремешок для часов с магнитной застежкой 20мм,НЕВИННОМЫССК_РФЦ,10,0,0,
Instax Shop,1967682432,mag20silver,Ремешок для часов с магнитной застежкой 20мм,СПБ_КОЛПИНО_РФЦ,49,0,0,
Instax Shop,1967682432,mag20silver,Ремешок для часов с магнитной застежкой 20мм,ОМСК_РФЦ,10,0,0,
Instax Shop,1967682432,mag20silver,Ремешок для часов с магнитной застежкой 20мм,ОРЕНБУРГ_РФЦ,5,0,0,
Instax Shop,1967682432,mag20silver,Ремешок для часов с магнитной застежкой 20мм,УФА_РФЦ,2,0,0,
Instax Shop,1967682432,mag20silver,Ремешок для часов с магнитной застежкой 20мм,ПЕРМЬ_РФЦ,9,0,0,
Instax Shop,1967682432,mag20silver,Ремешок для часов с магнитной застежкой 20мм,ЯРОСЛАВЛЬ_РФЦ,11,0,0,
Instax Shop,2078708952,tslide20black,Ремешок для часов эластичный 20мм черный,ХОРУГВИНО_РФЦ,0,0,1,
Instax Shop,2078708952,tslide20black,Ремешок для часов эластичный 20мм черный,ПЕТРОВСКОЕ_РФЦ,60,0,0,
Instax Shop,2078708952,tslide20black,Ремешок для часов эластичный 20мм черный,АДЫГЕЙСК_РФЦ,1,0,0,
Instax Shop,2078708952,tslide20black,Ремешок для часов эластичный 20мм черный,ГРИВНО_РФЦ,0,0,1,
Instax Shop,2078708952,tslide20black,Ремешок для часов эластичный 20мм черный,ХАБАРОВСК_2_РФЦ,5,0,0,
Instax Shop,2078708952,tslide20black,Ремешок для часов эластичный 20мм черный,СПБ_КОЛПИНО_РФЦ,23,0,0,
Instax Shop,2078708990,tslide22green,Ремешок для часов эластичный 22мм хаки,Ростов_на_Дону_РФЦ,1,0,0,
Instax Shop,2078708990,tslide22green,Ремешок для часов эластичный 22мм хаки,Казань_РФЦ_НОВЫЙ,1,0,0,
Instax Shop,2078708990,tslide22green,Ремешок для часов эластичный 22мм хаки,НИЖНИЙ_НОВГОРОД_РФЦ,1,0,0,
Instax Shop,2078708990,tslide22green,Ремешок для часов эластичный 22мм хаки,ПУШКИНО_1_РФЦ,40,0,0,
Instax Shop,2078708990,tslide22green,Ремешок для часов эластичный 22мм хаки,ПУШКИНО_2_РФЦ,1,0,0,
Instax Shop,2078708990,tslide22green,Ремешок для часов эластичный 22мм хаки,АДЫГЕЙСК_РФЦ,8,0,0,
Instax Shop,2078708990,tslide22green,Ремешок для часов эластичный 22мм хаки,ВОРОНЕЖ_2_РФЦ,5,0,0,
Instax Shop,2078708990,tslide22green,Ремешок для часов эластичный 22мм хаки,НЕВИННОМЫССК_РФЦ,8,0,0,
Instax Shop,2078708990,tslide22green,Ремешок для часов эластичный 22мм хаки,СПБ_КОЛПИНО_РФЦ,9,0,0,
Instax Shop,2078709116,tslide20green,Ремешок для часов эластичный 20мм хаки,Ростов_на_Дону_РФЦ,4,0,0,
Instax Shop,2078709116,tslide20green,Ремешок для часов эластичный 20мм хаки,НИЖНИЙ_НОВГОРОД_РФЦ,5,0,0,
Instax Shop,2078709116,tslide20green,Ремешок для часов эластичный 20мм хаки,ПУШКИНО_1_РФЦ,67,0,0,
Instax Shop,2078709116,tslide20green,Ремешок для часов эластичный 20мм хаки,АДЫГЕЙСК_РФЦ,9,0,0,
Instax Shop,2078709116,tslide20green,Ремешок для часов эластичный 20мм хаки,ВОРОНЕЖ_2_РФЦ,8,0,0,
Instax Shop,2078709116,tslide20green,Ремешок для часов эластичный 20мм хаки,НЕВИННОМЫССК_РФЦ,9,0,0,
Instax Shop,2078709116,tslide20green,Ремешок для часов эластичный 20мм хаки,СПБ_КОЛПИНО_РФЦ,11,0,0,
Instax Shop,2078709116,tslide20green,Ремешок для часов эластичный 20мм хаки,ОМСК_РФЦ,6,0,0,
Instax Shop,2078709116,tslide20green,Ремешок для часов эластичный 20мм хаки,ПЕРМЬ_РФЦ,3,0,0,
Instax Shop,2078709160,tslide20pink,Ремешок для часов эластичный 20мм розовый,ХОРУГВИНО_РФЦ,39,0,0,
Instax Shop,2078709160,tslide20pink,Ремешок для часов эластичный 20мм розовый,Ростов_на_Дону_РФЦ,5,0,0,
Instax Shop,2078709160,tslide20pink,Ремешок для часов эластичный 20мм розовый,Санкт_Петербург_РФЦ,1,0,0,
Instax Shop,2078709160,tslide20pink,Ремешок для часов эластичный 20мм розовый,НИЖНИЙ_НОВГОРОД_РФЦ,1,0,0,
Instax Shop,2078709160,tslide20pink,Ремешок для часов эластичный 20мм розовый,ПУШКИНО_1_РФЦ,38,0,0,
Instax Shop,2078709160,tslide20pink,Ремешок для часов эластичный 20мм розовый,СПБ_БУГРЫ_РФЦ,8,0,0,
Instax Shop,2078709160,tslide20pink,Ремешок для часов эластичный 20мм розовый,АДЫГЕЙСК_РФЦ,12,0,0,
Instax Shop,2078709160,tslide20pink,Ремешок для часов эластичный 20мм розовый,СПБ_ШУШАРЫ_РФЦ,23,0,0,
Instax Shop,2078709160,tslide20pink,Ремешок для часов эластичный 20мм розовый,ВОРОНЕЖ_2_РФЦ,17,0,0,
Instax Shop,2078709160,tslide20pink,Ремешок для часов эластичный 20мм розовый,НЕВИННОМЫССК_РФЦ,1,0,0,
Instax Shop,2078709160,tslide20pink,Ремешок для часов эластичный 20мм розовый,СПБ_КОЛПИНО_РФЦ,28,0,0,
Instax Shop,2078709160,tslide20pink,Ремешок для часов эластичный 20мм розовый,ЯРОСЛАВЛЬ_РФЦ,4,0,0,
Instax Shop,2078709160,tslide20pink,Ремешок для часов эластичный 20мм розовый,НИЖНИЙ_НОВГОРОД_2_РФЦ,1,0,0,
Instax Shop,2078709371,tslide22pink,Ремешок для часов эластичный 22мм розовый,ХОРУГВИНО_РФЦ,59,0,0,
Instax Shop,2078709371,tslide22pink,Ремешок для часов эластичный 22мм розовый,Ростов_на_Дону_РФЦ,19,0,0,
Instax Shop,2078709371,tslide22pink,Ремешок для часов эластичный 22мм розовый,Казань_РФЦ_НОВЫЙ,7,0,0,
Instax Shop,2078709371,tslide22pink,Ремешок для часов эластичный 22мм розовый,Екатеринбург_РФЦ_НОВЫЙ,3,0,0,
Instax Shop,2078709371,tslide22pink,Ремешок для часов эластичный 22мм розовый,НИЖНИЙ_НОВГОРОД_РФЦ,10,0,0,
Instax Shop,2078709371,tslide22pink,Ремешок для часов эластичный 22мм розовый,НОВОРОССИЙСК_РФЦ,1,0,0,
Instax Shop,2078709371,tslide22pink,Ремешок для часов эластичный 22мм розовый,ПУШКИНО_1_РФЦ,50,0,0,
Instax Shop,2078709371,tslide22pink,Ремешок для часов эластичный 22мм розовый,ПУШКИНО_2_РФЦ,1,0,0,
Instax Shop,2078709371,tslide22pink,Ремешок для часов эластичный 22мм розовый,СПБ_БУГРЫ_РФЦ,22,0,0,
Instax Shop,2078709371,tslide22pink,Ремешок для часов эластичный 22мм розовый,ПЕТРОВСКОЕ_РФЦ,1,0,0,
Instax Shop,2078709371,tslide22pink,Ремешок для часов эластичный 22мм розовый,СОФЬИНО_РФЦ,1,0,0,
Instax Shop,2078709371,tslide22pink,Ремешок для часов эластичный 22мм розовый,АДЫГЕЙСК_РФЦ,16,0,0,
Instax Shop,2078709371,tslide22pink,Ремешок для часов эластичный 22мм розовый,ВОЛГОГРАД_РФЦ,1,0,0,
Instax Shop,2078709371,tslide22pink,Ремешок для часов эластичный 22мм розовый,СПБ_ШУШАРЫ_РФЦ,39,0,0,
Instax Shop,2078709371,tslide22pink,Ремешок для часов эластичный 22мм розовый,ВОРОНЕЖ_2_РФЦ,18,0,0,
Instax Shop,2078709371,tslide22pink,Ремешок для часов эластичный 22мм розовый,СПБ_КОЛПИНО_РФЦ,29,0,0,
Instax Shop,2078709371,tslide22pink,Ремешок для часов эластичный 22мм розовый,ОРЕНБУРГ_РФЦ,9,0,0,
Instax Shop,2078709371,tslide22pink,Ремешок для часов эластичный 22мм розовый,ЯРОСЛАВЛЬ_РФЦ,5,0,0,
Instax Shop,2082847117,tras22green,Ремешок для часов универсальный 22мм хаки,МИНСК_МПСЦ,1,0,0,
Instax Shop,2082847117,tras22green,Ремешок для часов универсальный 22мм хаки,ПУШКИНО_2_РФЦ,91,0,0,
Instax Shop,2082847117,tras22green,Ремешок для часов универсальный 22мм хаки,СПБ_БУГРЫ_РФЦ,139,0,0,
Instax Shop,2082847117,tras22green,Ремешок для часов универсальный 22мм хаки,СПБ_КОЛПИНО_РФЦ,29,0,0,
Instax Shop,2082847117,tras22green,Ремешок для часов универсальный 22мм хаки,АЛМАТЫ_2_РФЦ,1,0,0,
Instax Shop,2082847183,tras20black,Ремешок для часов универсальный 20мм черный,ХОРУГВИНО_РФЦ,149,0,0,
Instax Shop,2082847183,tras20black,Ремешок для часов универсальный 20мм черный,Санкт_Петербург_РФЦ,87,0,0,
Instax Shop,2082847183,tras20black,Ремешок для часов универсальный 20мм черный,ПЕТРОВСКОЕ_РФЦ,132,0,1,
Instax Shop,2082847183,tras20black,Ремешок для часов универсальный 20мм черный,ХАБАРОВСК_2_РФЦ,6,0,0,
Instax Shop,2082847183,tras20black,Ремешок для часов универсальный 20мм черный,СПБ_КОЛПИНО_РФЦ,149,0,0,
Instax Shop,2082847183,tras20black,Ремешок для часов универсальный 20мм черный,ОРЕНБУРГ_РФЦ,1,0,0,
Instax Shop,2082847183,tras20black,Ремешок для часов универсальный 20мм черный,ЯРОСЛАВЛЬ_РФЦ,13,0,0,
Instax Shop,2082847183,tras20black,Ремешок для часов универсальный 20мм черный,НИЖНИЙ_НОВГОРОД_2_РФЦ,8,0,0,
Instax Shop,2082847247,tras20grey,Ремешок для часов универсальный 20мм серый,МИНСК_МПСЦ,1,0,0,
Instax Shop,2082847247,tras20grey,Ремешок для часов универсальный 20мм серый,НОВОРОССИЙСК_РФЦ,2,0,0,
Instax Shop,2082847247,tras20grey,Ремешок для часов универсальный 20мм серый,ВОРОНЕЖ_РФЦ,1,0,0,
Instax Shop,2082847247,tras20grey,Ремешок для часов универсальный 20мм серый,ПУШКИНО_1_РФЦ,17,0,0,
Instax Shop,2082847247,tras20grey,Ремешок для часов универсальный 20мм серый,СПБ_БУГРЫ_РФЦ,4,0,0,
Instax Shop,2082847247,tras20grey,Ремешок для часов универсальный 20мм серый,СПБ_КОЛПИНО_РФЦ,32,0,0,
Instax Shop,2082847247,tras20grey,Ремешок для часов универсальный 20мм серый,ДОМОДЕДОВО_РФЦ,1,0,0,
Instax Shop,2082847247,tras20grey,Ремешок для часов универсальный 20мм серый,ТЮМЕНЬ_РФЦ,1,0,0,
Instax Shop,2082848101,tras22black,Ремешок для часов универсальный 22мм черный,ХОРУГВИНО_РФЦ,35,0,0,
Instax Shop,2082848101,tras22black,Ремешок для часов универсальный 22мм черный,Санкт_Петербург_РФЦ,82,0,1,
Instax Shop,2082848101,tras22black,Ремешок для часов универсальный 22мм черный,Екатеринбург_РФЦ_НОВЫЙ,0,0,1,
Instax Shop,2082848101,tras22black,Ремешок для часов универсальный 22мм черный,ПЕТРОВСКОЕ_РФЦ,226,0,0,
Instax Shop,2082848101,tras22black,Ремешок для часов универсальный 22мм черный,АДЫГЕЙСК_РФЦ,0,0,1,
Instax Shop,2082848101,tras22black,Ремешок для часов универсальный 22мм черный,ХАБАРОВСК_2_РФЦ,11,0,0,
Instax Shop,2082848101,tras22black,Ремешок для часов универсальный 22мм черный,СПБ_КОЛПИНО_РФЦ,171,0,0,
Instax Shop,2082848101,tras22black,Ремешок для часов универсальный 22мм черный,ЯРОСЛАВЛЬ_РФЦ,37,0,0,
Instax Shop,2082848101,tras22black,Ремешок для часов универсальный 22мм черный,НИЖНИЙ_НОВГОРОД_2_РФЦ,19,0,0,
Instax Shop,2082848281,tras20green,Ремешок для часов универсальный 20мм хаки,Санкт_Петербург_РФЦ,1,0,0,
Instax Shop,2082848281,tras20green,Ремешок для часов универсальный 20мм хаки,НИЖНИЙ_НОВГОРОД_РФЦ,9,0,0,
Instax Shop,2082848281,tras20green,Ремешок для часов универсальный 20мм хаки,ПУШКИНО_1_РФЦ,151,0,0,
Instax Shop,2082848281,tras20green,Ремешок для часов универсальный 20мм хаки,ПУШКИНО_2_РФЦ,106,0,0,
Instax Shop,2082848281,tras20green,Ремешок для часов универсальный 20мм хаки,СПБ_БУГРЫ_РФЦ,60,0,0,
Instax Shop,2082848281,tras20green,Ремешок для часов универсальный 20мм хаки,ЖУКОВСКИЙ_РФЦ,1,0,0,
Instax Shop,2082848281,tras20green,Ремешок для часов универсальный 20мм хаки,АДЫГЕЙСК_РФЦ,4,0,0,
Instax Shop,2082848281,tras20green,Ремешок для часов универсальный 20мм хаки,ХАБАРОВСК_2_РФЦ,6,0,0,
Instax Shop,2082848281,tras20green,Ремешок для часов универсальный 20мм хаки,ВОРОНЕЖ_2_РФЦ,25,0,0,
Instax Shop,2082848281,tras20green,Ремешок для часов универсальный 20мм хаки,НЕВИННОМЫССК_РФЦ,9,0,0,
Instax Shop,2082848281,tras20green,Ремешок для часов универсальный 20мм хаки,СПБ_КОЛПИНО_РФЦ,47,0,0,
Instax Shop,2082848281,tras20green,Ремешок для часов универсальный 20мм хаки,ОМСК_РФЦ,1,0,0,
Instax Shop,2082848281,tras20green,Ремешок для часов универсальный 20мм хаки,УФА_РФЦ,13,0,0,
Instax Shop,2082848281,tras20green,Ремешок для часов универсальный 20мм хаки,ПЕРМЬ_РФЦ,7,0,0,
Instax Shop,2082848281,tras20green,Ремешок для часов универсальный 20мм хаки,ЯРОСЛАВЛЬ_РФЦ,14,0,0,
Instax Shop,2082848281,tras20green,Ремешок для часов универсальный 20мм хаки,КРАСНОЯРСК_СТАРЦЕВО_РФЦ,1,0,0,
Instax Shop,2086979848,br20silver,Браслет для часов стальной 20мм серебристый,СПБ_ШУШАРЫ_РФЦ,23,0,0,
Instax Shop,2086979848,br20silver,Браслет для часов стальной 20мм серебристый,УФА_РФЦ,1,0,0,
Instax Shop,2086980238,br20black,Браслет для часов стальной 20мм черный,ХОРУГВИНО_РФЦ,13,0,0,
Instax Shop,2086980238,br20black,Браслет для часов стальной 20мм черный,ПУШКИНО_1_РФЦ,1,0,0,
Instax Shop,2086980238,br20black,Браслет для часов стальной 20мм черный,АДЫГЕЙСК_РФЦ,10,0,0,
Instax Shop,2086980238,br20black,Браслет для часов стальной 20мм черный,СПБ_ШУШАРЫ_РФЦ,37,0,0,
Instax Shop,2086980238,br20black,Браслет для часов стальной 20мм черный,ОРЕНБУРГ_РФЦ,1,0,0,
Instax Shop,2090798379,tr24black,Тренчик для ремешка для часов 24мм,Новосибирск_РФЦ_НОВЫЙ,8,0,0,
Instax Shop,2090798379,tr24black,Тренчик для ремешка для часов 24мм,Казань_РФЦ_НОВЫЙ,6,0,0,
Instax Shop,2090798379,tr24black,Тренчик для ремешка для часов 24мм,Екатеринбург_РФЦ_НОВЫЙ,7,0,0,
Instax Shop,2090798379,tr24black,Тренчик для ремешка для часов 24мм,СПБ_БУГРЫ_РФЦ,1,0,0,
Instax Shop,2090798379,tr24black,Тренчик для ремешка для часов 24мм,ПЕТРОВСКОЕ_РФЦ,82,0,0,
Instax Shop,2090798379,tr24black,Тренчик для ремешка для часов 24мм,ХАБАРОВСК_2_РФЦ,8,0,0,
Instax Shop,2090798379,tr24black,Тренчик для ремешка для часов 24мм,СПБ_КОЛПИНО_РФЦ,49,0,0,
Instax Shop,2090798379,tr24black,Тренчик для ремешка для часов 24мм,ЯРОСЛАВЛЬ_РФЦ,8,0,0,
Instax Shop,2090798379,tr24black,Тренчик для ремешка для часов 24мм,РОСТОВ_НА_ДОНУ_2_РФЦ,6,0,0,
Instax Shop,2090798474,tr20black,Тренчик для ремешка для часов 20мм,Новосибирск_РФЦ_НОВЫЙ,3,0,0,
Instax Shop,2090798474,tr20black,Тренчик для ремешка для часов 20мм,Казань_РФЦ_НОВЫЙ,1,0,0,
Instax Shop,2090798474,tr20black,Тренчик для ремешка для часов 20мм,Екатеринбург_РФЦ_НОВЫЙ,7,0,0,
Instax Shop,2090798474,tr20black,Тренчик для ремешка для часов 20мм,НИЖНИЙ_НОВГОРОД_РФЦ,1,0,0,
Instax Shop,2090798474,tr20black,Тренчик для ремешка для часов 20мм,ПЕТРОВСКОЕ_РФЦ,72,0,0,
Instax Shop,2090798474,tr20black,Тренчик для ремешка для часов 20мм,СПБ_ШУШАРЫ_РФЦ,1,0,0,
Instax Shop,2090798474,tr20black,Тренчик для ремешка для часов 20мм,ХАБАРОВСК_2_РФЦ,8,0,0,
Instax Shop,2090798474,tr20black,Тренчик для ремешка для часов 20мм,СПБ_КОЛПИНО_РФЦ,45,0,0,
Instax Shop,2090798474,tr20black,Тренчик для ремешка для часов 20мм,ОМСК_РФЦ,1,0,0,
Instax Shop,2090798474,tr20black,Тренчик для ремешка для часов 20мм,ЯРОСЛАВЛЬ_РФЦ,8,0,0,
Instax Shop,2090798474,tr20black,Тренчик для ремешка для часов 20мм,РОСТОВ_НА_ДОНУ_2_РФЦ,3,0,0,
Instax Shop,2090798474,tr20black,Тренчик для ремешка для часов 20мм,КЕМЕРОВО_РФЦ,1,0,0,
Instax Shop,2090798502,tr18black,Тренчик для ремешка для часов 18мм,Новосибирск_РФЦ_НОВЫЙ,9,0,0,
Instax Shop,2090798502,tr18black,Тренчик для ремешка для часов 18мм,Казань_РФЦ_НОВЫЙ,6,0,0,
Instax Shop,2090798502,tr18black,Тренчик для ремешка для часов 18мм,Екатеринбург_РФЦ_НОВЫЙ,9,0,0,
Instax Shop,2090798502,tr18black,Тренчик для ремешка для часов 18мм,КРАСНОЯРСК_МРФЦ,1,0,0,
Instax Shop,2090798502,tr18black,Тренчик для ремешка для часов 18мм,ПУШКИНО_2_РФЦ,5,0,0,
Instax Shop,2090798502,tr18black,Тренчик для ремешка для часов 18мм,СПБ_БУГРЫ_РФЦ,11,0,0,
Instax Shop,2090798502,tr18black,Тренчик для ремешка для часов 18мм,ПЕТРОВСКОЕ_РФЦ,5,0,0,
Instax Shop,2090798502,tr18black,Тренчик для ремешка для часов 18мм,НОГИНСК_РФЦ,1,0,0,
Instax Shop,2090798502,tr18black,Тренчик для ремешка для часов 18мм,ХАБАРОВСК_2_РФЦ,10,0,0,
Instax Shop,2090798502,tr18black,Тренчик для ремешка для часов 18мм,СПБ_КОЛПИНО_РФЦ,9,0,0,
Instax Shop,2090798502,tr18black,Тренчик для ремешка для часов 18мм,ЯРОСЛАВЛЬ_РФЦ,8,0,0,
Instax Shop,2090798502,tr18black,Тренчик для ремешка для часов 18мм,РОСТОВ_НА_ДОНУ_2_РФЦ,9,0,0,
Instax Shop,2090798532,tr22black,Тренчик для ремешка для часов 22мм,Санкт_Петербург_РФЦ,1,0,0,
Instax Shop,2090798532,tr22black,Тренчик для ремешка для часов 22мм,СПБ_БУГРЫ_РФЦ,2,0,0,
Instax Shop,2090798532,tr22black,Тренчик для ремешка для часов 22мм,ПЕТРОВСКОЕ_РФЦ,200,0,1,
Instax Shop,2090798532,tr22black,Тренчик для ремешка для часов 22мм,ХАБАРОВСК_2_РФЦ,14,0,0,
Instax Shop,2090798532,tr22black,Тренчик для ремешка для часов 22мм,СПБ_КОЛПИНО_РФЦ,124,0,0,
Instax Shop,2396422586,mba20black,Ремешок для часов универсальный 20мм черный,Казань_РФЦ_НОВЫЙ,4,0,0,
Instax Shop,2396422586,mba20black,Ремешок для часов универсальный 20мм черный,Екатеринбург_РФЦ_НОВЫЙ,3,0,0,
Instax Shop,2396422586,mba20black,Ремешок для часов универсальный 20мм черный,ПУШКИНО_2_РФЦ,139,0,0,
Instax Shop,2396422586,mba20black,Ремешок для часов универсальный 20мм черный,СПБ_БУГРЫ_РФЦ,55,0,0,
Instax Shop,2396422586,mba20black,Ремешок для часов универсальный 20мм черный,НОГИНСК_РФЦ,1,0,0,
Instax Shop,2396422586,mba20black,Ремешок для часов универсальный 20мм черный,ВОРОНЕЖ_2_РФЦ,25,0,0,
Instax Shop,2396422586,mba20black,Ремешок для часов универсальный 20мм черный,НЕВИННОМЫССК_РФЦ,9,0,0,
Instax Shop,2396422586,mba20black,Ремешок для часов универсальный 20мм черный,УФА_РФЦ,7,0,0,
Instax Shop,2396422586,mba20black,Ремешок для часов универсальный 20мм черный,ЯРОСЛАВЛЬ_РФЦ,7,0,0,
Instax Shop,2396423754,mba22black,Ремешок для часов универсальный 22мм черный,ПЕТРОВСКОЕ_РФЦ,5,0,0,
Instax Shop,2396423754,mba22black,Ремешок для часов универсальный 22мм черный,ХАБАРОВСК_2_РФЦ,6,0,0,
Instax Shop,2396423754,mba22black,Ремешок для часов универсальный 22мм черный,СПБ_КОЛПИНО_РФЦ,19,0,0,
Instax Shop,2396423754,mba22black,Ремешок для часов универсальный 22мм черный,КРАСНОЯРСК_СТАРЦЕВО_РФЦ,1,0,0,
Instax Shop,2396867548,mba20silver,Ремешок для часов универсальный 20мм серебристый,Казань_РФЦ_НОВЫЙ,9,0,0,
Instax Shop,2396867548,mba20silver,Ремешок для часов универсальный 20мм серебристый,Екатеринбург_РФЦ_НОВЫЙ,4,0,0,
Instax Shop,2396867548,mba20silver,Ремешок для часов универсальный 20мм серебристый,МИНСК_МПСЦ,1,0,0,
Instax Shop,2396867548,mba20silver,Ремешок для часов универсальный 20мм серебристый,ПУШКИНО_2_РФЦ,144,0,0,
Instax Shop,2396867548,mba20silver,Ремешок для часов универсальный 20мм серебристый,СПБ_БУГРЫ_РФЦ,54,0,0,
Instax Shop,2396867548,mba20silver,Ремешок для часов универсальный 20мм серебристый,ВОРОНЕЖ_2_РФЦ,28,0,0,
Instax Shop,2396867548,mba20silver,Ремешок для часов универсальный 20мм серебристый,НЕВИННОМЫССК_РФЦ,8,0,0,
Instax Shop,2396867548,mba20silver,Ремешок для часов универсальный 20мм серебристый,УФА_РФЦ,8,0,0,
Instax Shop,2396867548,mba20silver,Ремешок для часов универсальный 20мм серебристый,ПЕРМЬ_РФЦ,1,0,0,
Instax Shop,2396867548,mba20silver,Ремешок для часов универсальный 20мм серебристый,ЯРОСЛАВЛЬ_РФЦ,9,0,0,
Instax Shop,2396867548,mba20silver,Ремешок для часов универсальный 20мм серебристый,ТЮМЕНЬ_РФЦ,1,0,0,
Instax Shop,2396998748,mba22silver,Ремешок для часов универсальный 22мм серебристый,Новосибирск_РФЦ_НОВЫЙ,3,0,0,
Instax Shop,2396998748,mba22silver,Ремешок для часов универсальный 22мм серебристый,Екатеринбург_РФЦ_НОВЫЙ,4,0,0,
Instax Shop,2396998748,mba22silver,Ремешок для часов универсальный 22мм серебристый,НИЖНИЙ_НОВГОРОД_РФЦ,1,0,0,
Instax Shop,2396998748,mba22silver,Ремешок для часов универсальный 22мм серебристый,ПЕТРОВСКОЕ_РФЦ,76,0,0,
Instax Shop,2396998748,mba22silver,Ремешок для часов универсальный 22мм серебристый,ХАБАРОВСК_2_РФЦ,8,0,0,
Instax Shop,2396998748,mba22silver,Ремешок для часов универсальный 22мм серебристый,СПБ_КОЛПИНО_РФЦ,40,0,0,
Instax Shop,2396998748,mba22silver,Ремешок для часов универсальный 22мм серебристый,ЯРОСЛАВЛЬ_РФЦ,9,0,0,
Instax Shop,2396998748,mba22silver,Ремешок для часов универсальный 22мм серебристый,РОСТОВ_НА_ДОНУ_2_РФЦ,2,0,0,
Instax Shop,2965617581,otv,Отвертки для часов и очков 3 шт.,ПУШКИНО_1_РФЦ,16,0,0,
Instax Shop,2965617581,otv,Отвертки для часов и очков 3 шт.,СПБ_БУГРЫ_РФЦ,2,0,0,
Instax Shop,2965617581,otv,Отвертки для часов и очков 3 шт.,СПБ_КОЛПИНО_РФЦ,19,0,0,
Instax Shop,2980607760,tmag18dgrey,Ремешок для часов универсальный 18мм темно-серый,ХОРУГВИНО_РФЦ,34,0,0,
Instax Shop,2980607760,tmag18dgrey,Ремешок для часов универсальный 18мм темно-серый,ВОРОНЕЖ_РФЦ,3,0,0,
Instax Shop,2980607760,tmag18dgrey,Ремешок для часов универсальный 18мм темно-серый,СПБ_ШУШАРЫ_РФЦ,17,0,0,
Instax Shop,2980607760,tmag18dgrey,Ремешок для часов универсальный 18мм темно-серый,УФА_РФЦ,1,0,0,
Instax Shop,2980607823,tmag20dgrey,Ремешок для часов универсальный 20мм темно-серый,ХОРУГВИНО_РФЦ,30,0,0,
Instax Shop,2980607823,tmag20dgrey,Ремешок для часов универсальный 20мм темно-серый,Санкт_Петербург_РФЦ,1,0,0,
Instax Shop,2980607823,tmag20dgrey,Ремешок для часов универсальный 20мм темно-серый,ВОРОНЕЖ_РФЦ,2,0,0,
Instax Shop,2980607823,tmag20dgrey,Ремешок для часов универсальный 20мм темно-серый,ВОЛГОГРАД_РФЦ,1,0,0,
Instax Shop,2980607823,tmag20dgrey,Ремешок для часов универсальный 20мм темно-серый,СПБ_ШУШАРЫ_РФЦ,20,0,0,
Instax Shop,2980607848,tmag20black,Ремешок для часов универсальный 20мм черный,ХОРУГВИНО_РФЦ,177,0,1,
Instax Shop,2980607848,tmag20black,Ремешок для часов универсальный 20мм черный,СПБ_ШУШАРЫ_РФЦ,57,0,0,
Instax Shop,2980607865,tmag20green,Ремешок для часов универсальный 20мм хаки,ХОРУГВИНО_РФЦ,113,0,0,
Instax Shop,2980607865,tmag20green,Ремешок для часов универсальный 20мм хаки,ВОРОНЕЖ_РФЦ,3,0,0,
Instax Shop,2980607865,tmag20green,Ремешок для часов универсальный 20мм хаки,ПУШКИНО_1_РФЦ,1,0,0,
Instax Shop,2980607865,tmag20green,Ремешок для часов универсальный 20мм хаки,СПБ_БУГРЫ_РФЦ,6,0,0,
Instax Shop,2980607865,tmag20green,Ремешок для часов универсальный 20мм хаки,СПБ_ШУШАРЫ_РФЦ,50,0,0,
Instax Shop,2980607865,tmag20green,Ремешок для часов универсальный 20мм хаки,ВОРОНЕЖ_2_РФЦ,3,0,0,
Instax Shop,2980607875,tmag22black,Ремешок для часов универсальный 22мм черный,ХОРУГВИНО_РФЦ,137,0,0,
Instax Shop,2980607875,tmag22black,Ремешок для часов универсальный 22мм черный,Санкт_Петербург_РФЦ,79,0,0,
Instax Shop,2980607875,tmag22black,Ремешок для часов универсальный 22мм черный,Новосибирск_РФЦ_НОВЫЙ,1,0,0,
Instax Shop,2980607875,tmag22black,Ремешок для часов универсальный 22мм черный,МИНСК_МПСЦ,1,0,0,
Instax Shop,2980607875,tmag22black,Ремешок для часов универсальный 22мм черный,СПБ_ШУШАРЫ_РФЦ,2,0,0,
Instax Shop,2980607875,tmag22black,Ремешок для часов универсальный 22мм черный,СПБ_КОЛПИНО_РФЦ,1,0,0,
Instax Shop,2980607875,tmag22black,Ремешок для часов универсальный 22мм черный,ЯРОСЛАВЛЬ_РФЦ,25,0,0,
Instax Shop,2980607875,tmag22black,Ремешок для часов универсальный 22мм черный,НИЖНИЙ_НОВГОРОД_2_РФЦ,15,0,0,
Instax Shop,2980607985,tmag22green,Ремешок для часов универсальный 22мм хаки,ХОРУГВИНО_РФЦ,92,0,1,
Instax Shop,2980607985,tmag22green,Ремешок для часов универсальный 22мм хаки,Санкт_Петербург_РФЦ,59,0,0,
Instax Shop,2980607985,tmag22green,Ремешок для часов универсальный 22мм хаки,Екатеринбург_РФЦ_НОВЫЙ,7,0,0,
Instax Shop,2980607985,tmag22green,Ремешок для часов универсальный 22мм хаки,НЕВИННОМЫССК_РФЦ,1,0,0,
Instax Shop,2980607985,tmag22green,Ремешок для часов универсальный 22мм хаки,СПБ_КОЛПИНО_РФЦ,1,0,0,
Instax Shop,2980607985,tmag22green,Ремешок для часов универсальный 22мм хаки,ЯРОСЛАВЛЬ_РФЦ,19,0,0,
Instax Shop,2980607985,tmag22green,Ремешок для часов универсальный 22мм хаки,НИЖНИЙ_НОВГОРОД_2_РФЦ,8,0,0,
Instax Shop,2980608115,tmag18black,Ремешок для часов универсальный 18мм черный,ХОРУГВИНО_РФЦ,275,0,0,
Instax Shop,2980608115,tmag18black,Ремешок для часов универсальный 18мм черный,ВОРОНЕЖ_РФЦ,6,0,0,
Instax Shop,2980608115,tmag18black,Ремешок для часов универсальный 18мм черный,СПБ_БУГРЫ_РФЦ,1,0,0,
Instax Shop,2980608115,tmag18black,Ремешок для часов универсальный 18мм черный,ВОЛГОГРАД_РФЦ,1,0,0,
Instax Shop,2980608115,tmag18black,Ремешок для часов универсальный 18мм черный,СПБ_ШУШАРЫ_РФЦ,104,0,0,
Instax Shop,2980608857,tmag18green,Ремешок для часов универсальный 18мм хаки,ХОРУГВИНО_РФЦ,35,0,0,
Instax Shop,2980608857,tmag18green,Ремешок для часов универсальный 18мм хаки,КАЛИНИНГРАД_МРФЦ,1,0,0,
Instax Shop,2980608857,tmag18green,Ремешок для часов универсальный 18мм хаки,МИНСК_МПСЦ,1,0,0,
Instax Shop,2980608857,tmag18green,Ремешок для часов универсальный 18мм хаки,СПБ_ШУШАРЫ_РФЦ,22,0,0,
Instax Shop,2980608857,tmag18green,Ремешок для часов универсальный 18мм хаки,СПБ_КОЛПИНО_РФЦ,1,0,0,
Instax Shop,3534921048,awm49silver,Pемешок для apple watch 42-49 мм,ХОРУГВИНО_РФЦ,33,0,0,
Instax Shop,3534921048,awm49silver,Pемешок для apple watch 42-49 мм,СПБ_ШУШАРЫ_РФЦ,11,0,0,
Instax Shop,3534921048,awm49silver,Pемешок для apple watch 42-49 мм,ДОМОДЕДОВО_РФЦ,1,0,0,
Instax Shop,3534921059,awm38silver,Pемешок для apple watch 38-42 мм,ХОРУГВИНО_РФЦ,35,0,0,
Instax Shop,3534921059,awm38silver,Pемешок для apple watch 38-42 мм,КРАСНОЯРСК_МРФЦ,1,0,0,
Instax Shop,3534921059,awm38silver,Pемешок для apple watch 38-42 мм,СПБ_ШУШАРЫ_РФЦ,11,0,0,
Instax Shop,3534921079,awtm49white,Pемешок для apple watch 42-49 мм,ХОРУГВИНО_РФЦ,148,0,0,
Instax Shop,3534921079,awtm49white,Pемешок для apple watch 42-49 мм,Санкт_Петербург_РФЦ,70,0,0,
Instax Shop,3534921079,awtm49white,Pемешок для apple watch 42-49 мм,Екатеринбург_РФЦ_НОВЫЙ,19,0,0,
Instax Shop,3534921079,awtm49white,Pемешок для apple watch 42-49 мм,ЯРОСЛАВЛЬ_РФЦ,39,0,0,
Instax Shop,3534921079,awtm49white,Pемешок для apple watch 42-49 мм,НИЖНИЙ_НОВГОРОД_2_РФЦ,17,0,0,
Instax Shop,3534921102,awtm38black,Pемешок для apple watch 38-42 мм,ХОРУГВИНО_РФЦ,14,0,0,
Instax Shop,3534921102,awtm38black,Pемешок для apple watch 38-42 мм,ЯРОСЛАВЛЬ_РФЦ,1,0,0,
Instax Shop,3534921158,awtm38white,Pемешок для apple watch 38-42 мм,ХОРУГВИНО_РФЦ,18,0,0,
Instax Shop,3534921158,awtm38white,Pемешок для apple watch 38-42 мм,Санкт_Петербург_РФЦ,20,0,0,
Instax Shop,3534921158,awtm38white,Pемешок для apple watch 38-42 мм,ЯРОСЛАВЛЬ_РФЦ,10,0,0,
Instax Shop,3534921162,awm49black,Pемешок для apple watch 42-49 мм,ХОРУГВИНО_РФЦ,33,0,0,
Instax Shop,3534921162,awm49black,Pемешок для apple watch 42-49 мм,СПБ_ШУШАРЫ_РФЦ,11,0,0,
Instax Shop,3534921162,awm49black,Pемешок для apple watch 42-49 мм,ТЮМЕНЬ_РФЦ,1,0,0,
Instax Shop,3534921215,awtm49black,Pемешок для apple watch 42-49 мм,ХОРУГВИНО_РФЦ,13,0,0,
Instax Shop,3534921215,awtm49black,Pемешок для apple watch 42-49 мм,СПБ_ШУШАРЫ_РФЦ,5,0,0,
Instax Shop,3534921223,awm38black,Pемешок для apple watch 38-42 мм,ХОРУГВИНО_РФЦ,34,0,0,
Instax Shop,3534921223,awm38black,Pемешок для apple watch 38-42 мм,СПБ_БУГРЫ_РФЦ,1,0,0,
Instax Shop,3534921223,awm38black,Pемешок для apple watch 38-42 мм,ГРИВНО_РФЦ,1,0,0,
Instax Shop,3534921223,awm38black,Pемешок для apple watch 38-42 мм,СПБ_ШУШАРЫ_РФЦ,10,0,0,
Instax Shop,3535279876,tmagc22black,Ремешок для часов универсальный 22 мм черный,ХОРУГВИНО_РФЦ,150,0,0,
Instax Shop,3535279876,tmagc22black,Ремешок для часов универсальный 22 мм черный,Санкт_Петербург_РФЦ,70,0,0,
Instax Shop,3535279876,tmagc22black,Ремешок для часов универсальный 22 мм черный,Екатеринбург_РФЦ_НОВЫЙ,20,0,0,
Instax Shop,3535279876,tmagc22black,Ремешок для часов универсальный 22 мм черный,ЯРОСЛАВЛЬ_РФЦ,38,0,0,
Instax Shop,3535279876,tmagc22black,Ремешок для часов универсальный 22 мм черный,НИЖНИЙ_НОВГОРОД_2_РФЦ,17,0,0,
Instax Shop,3535279895,tmagc20black,Ремешок для часов универсальный 20 мм черный,ХОРУГВИНО_РФЦ,117,0,0,
Instax Shop,3535279895,tmagc20black,Ремешок для часов универсальный 20 мм черный,Санкт_Петербург_РФЦ,59,0,0,
Instax Shop,3535279895,tmagc20black,Ремешок для часов универсальный 20 мм черный,Екатеринбург_РФЦ_НОВЫЙ,10,0,0,
Instax Shop,3535279895,tmagc20black,Ремешок для часов универсальный 20 мм черный,ВОРОНЕЖ_РФЦ,1,0,0,
Instax Shop,3535279895,tmagc20black,Ремешок для часов универсальный 20 мм черный,СПБ_ШУШАРЫ_РФЦ,8,0,0,
Instax Shop,3535279895,tmagc20black,Ремешок для часов универсальный 20 мм черный,ЯРОСЛАВЛЬ_РФЦ,20,0,0,
Instax Shop,3535279895,tmagc20black,Ремешок для часов универсальный 20 мм черный,НИЖНИЙ_НОВГОРОД_2_РФЦ,10,0,0,
Instax Shop,3535279942,tmagc20green,Ремешок для часов универсальный 20 мм хаки,ХОРУГВИНО_РФЦ,12,0,0,
Instax Shop,3535279942,tmagc20green,Ремешок для часов универсальный 20 мм хаки,ГРИВНО_РФЦ,1,0,0,
Instax Shop,3535279942,tmagc20green,Ремешок для часов универсальный 20 мм хаки,СПБ_ШУШАРЫ_РФЦ,5,0,0,
Instax Shop,3535279942,tmagc20green,Ремешок для часов универсальный 20 мм хаки,ПЕРМЬ_РФЦ,1,0,0,
Instax Shop,3535279963,tmagc18black,Ремешок для часов универсальный 18 мм черный,ХОРУГВИНО_РФЦ,48,0,0,
Instax Shop,3535279963,tmagc18black,Ремешок для часов универсальный 18 мм черный,Санкт_Петербург_РФЦ,29,0,0,
Instax Shop,3535279963,tmagc18black,Ремешок для часов универсальный 18 мм черный,ЯРОСЛАВЛЬ_РФЦ,9,0,0,
Instax Shop,3535279963,tmagc18black,Ремешок для часов универсальный 18 мм черный,НИЖНИЙ_НОВГОРОД_2_РФЦ,10,0,0,
Instax Shop,3535280038,tmagc18green,Ремешок для часов универсальный 18 мм хаки,ХОРУГВИНО_РФЦ,21,0,0,
Instax Shop,3535280038,tmagc18green,Ремешок для часов универсальный 18 мм хаки,СПБ_БУГРЫ_РФЦ,1,0,0,
Instax Shop,3535280038,tmagc18green,Ремешок для часов универсальный 18 мм хаки,СПБ_ШУШАРЫ_РФЦ,8,0,0,
Instax Shop,3535280829,tmagc22green,Ремешок для часов универсальный 22 мм хаки,ХОРУГВИНО_РФЦ,33,0,0,
Instax Shop,3535280829,tmagc22green,Ремешок для часов универсальный 22 мм хаки,СПБ_ШУШАРЫ_РФЦ,8,0,0,
Instax Shop,3535280829,tmagc22green,Ремешок для часов универсальный 22 мм хаки,ПЕРМЬ_РФЦ,1,0,0,
Instax Shop,3570350352,tt22zhem,Ремешок для часов универсальный 22мм жемчуг,ХОРУГВИНО_РФЦ,56,0,0,
Instax Shop,3570350352,tt22zhem,Ремешок для часов универсальный 22мм жемчуг,СПБ_ШУШАРЫ_РФЦ,27,0,0,
Instax Shop,3570350352,tt22zhem,Ремешок для часов универсальный 22мм жемчуг,СПБ_КОЛПИНО_РФЦ,1,0,0,
Instax Shop,3570350439,tt22black,Ремешок для часов универсальный 22мм черный,ХОРУГВИНО_РФЦ,22,0,0,
Instax Shop,3570350439,tt22black,Ремешок для часов универсальный 22мм черный,МИНСК_МПСЦ,1,0,0,
Instax Shop,3570350439,tt22black,Ремешок для часов универсальный 22мм черный,СПБ_ШУШАРЫ_РФЦ,9,0,0,
Instax Shop,3570350439,tt22black,Ремешок для часов универсальный 22мм черный,РОСТОВ_НА_ДОНУ_2_РФЦ,1,0,0,
Instax Shop,3570350595,tt20zhem,Ремешок для часов универсальный 20мм жемчуг,ХОРУГВИНО_РФЦ,57,0,0,
Instax Shop,3570350595,tt20zhem,Ремешок для часов универсальный 20мм жемчуг,ВОРОНЕЖ_РФЦ,1,0,0,
Instax Shop,3570350595,tt20zhem,Ремешок для часов универсальный 20мм жемчуг,ПУШКИНО_1_РФЦ,1,0,0,
Instax Shop,3570350595,tt20zhem,Ремешок для часов универсальный 20мм жемчуг,СПБ_ШУШАРЫ_РФЦ,28,0,0,
Instax Shop,3570352480,tt20black,Ремешок для часов универсальный 20мм черный,ХОРУГВИНО_РФЦ,34,0,0,
Instax Shop,3570352480,tt20black,Ремешок для часов универсальный 20мм черный,ЖУКОВСКИЙ_РФЦ,1,0,0,
Instax Shop,3570352480,tt20black,Ремешок для часов универсальный 20мм черный,СПБ_ШУШАРЫ_РФЦ,10,0,0,
Instax Shop,3570353165,tt20green,Ремешок для часов универсальный 20мм хаки,ХОРУГВИНО_РФЦ,58,0,0,
Instax Shop,3570353165,tt20green,Ремешок для часов универсальный 20мм хаки,ЖУКОВСКИЙ_РФЦ,1,0,0,
Instax Shop,3570353165,tt20green,Ремешок для часов универсальный 20мм хаки,СПБ_ШУШАРЫ_РФЦ,30,0,0,
Instax Shop,3570353399,tt22green,Ремешок для часов универсальный 22мм хаки,ХОРУГВИНО_РФЦ,56,0,0,
Instax Shop,3570353399,tt22green,Ремешок для часов универсальный 22мм хаки,ВОРОНЕЖ_РФЦ,1,0,0,
Instax Shop,3570353399,tt22green,Ремешок для часов универсальный 22мм хаки,СПБ_ШУШАРЫ_РФЦ,29,0,0,
Instax Shop,4893687016,tslide18black,Ремешок для часов эластичный 18мм черный,СОФЬИНО_РФЦ,1,0,0,
