shop,posting_number,accrual_date,type_id,accrual_type,sku,quantity,seller_price,amount,currency
Instax Shop,20959159-0268-1,2026-09-14,69,type_69,2078708990,1,1277,-600.19,RUB
Instax Shop,20959159-0268-1,2026-09-14,29,type_29,2078708990,1,,-8.76,RUB
Instax Shop,20959159-0268-1,2026-09-14,32,type_32,2078708990,1,,-65,RUB
Instax Shop,20959159-0268-1,2026-09-14,74,type_74,2078708990,1,,-19.16,RUB
Instax Shop,03117423-0564-1,2026-09-14,32,type_32,1393792471,1,,-65,RUB
Instax Shop,03117423-0564-1,2026-09-14,74,type_74,1393792471,1,,-19.16,RUB
Instax Shop,03117423-0564-1,2026-09-14,69,type_69,1393792471,1,1277,-664.04,RUB
Instax Shop,03117423-0564-1,2026-09-14,29,type_29,1393792471,1,,-8.66,RUB
Instax Shop,0170570443-0268-1,2026-09-17,69,type_69,1967682432,1,1277,-664.04,RUB
Instax Shop,0170570443-0268-1,2026-09-17,74,type_74,1967682432,1,,-19.16,RUB
Instax Shop,0170570443-0268-1,2026-09-17,29,type_29,1967682432,1,,-16.09,RUB
Instax Shop,0170570443-0268-1,2026-09-17,32,type_32,1967682432,1,,-61,RUB
Instax Shop,0131958420-0024-1,2026-09-13,74,type_74,2078708952,1,,-19.16,RUB
Instax Shop,0131958420-0024-1,2026-09-13,29,type_29,2078708952,1,,-9.74,RUB
Instax Shop,0131958420-0024-1,2026-09-13,32,type_32,2078708952,1,,-76,RUB
Instax Shop,0131958420-0024-1,2026-09-13,69,type_69,2078708952,1,1277,-600.19,RUB
Instax Shop,0174892637-0056-1,2026-09-18,74,type_74,2086979848,1,,-16.16,RUB
Instax Shop,0174892637-0056-1,2026-09-18,32,type_32,2086979848,1,,-74,RUB
Instax Shop,0174892637-0056-1,2026-09-18,29,type_29,2086979848,1,,-9.44,RUB
Instax Shop,0174892637-0056-1,2026-09-18,69,type_69,2086979848,1,1077,-560.04,RUB
Instax Shop,0100705097-0061-1,2026-09-19,32,type_32,2980607848,1,,-91,RUB
Instax Shop,0100705097-0061-1,2026-09-19,29,type_29,2980607848,1,,-8.83,RUB
Instax Shop,0100705097-0061-1,2026-09-19,74,type_74,2980607848,1,,-19.16,RUB
Instax Shop,0100705097-0061-1,2026-09-19,69,type_69,2980607848,1,1277,-664.04,RUB
Instax Shop,60135160-0665-1,2026-09-19,29,type_29,1967682223,1,,-8.06,RUB
Instax Shop,60135160-0665-1,2026-09-19,69,type_69,1967682223,1,1270,-660.4,RUB
Instax Shop,60135160-0665-1,2026-09-19,32,type_32,1967682223,1,,-59,RUB
Instax Shop,60135160-0665-1,2026-09-19,74,type_74,1967682223,1,,-19.05,RUB
Instax Shop,0137190726-0083-1,2026-09-14,74,type_74,1414409162,1,,-11.66,RUB
Instax Shop,0137190726-0083-1,2026-09-14,29,type_29,1414409162,1,,-8.72,RUB
Instax Shop,0137190726-0083-1,2026-09-14,32,type_32,1414409162,1,,-87,RUB
Instax Shop,0137190726-0083-1,2026-09-14,69,type_69,1414409162,1,777,-404.04,RUB
Instax Shop,0247667232-0130-1,2026-09-16,29,type_29,2980607875,1,,-8.87,RUB
Instax Shop,0247667232-0130-1,2026-09-16,74,type_74,2980607875,1,,-19.05,RUB
Instax Shop,0247667232-0130-1,2026-09-16,69,type_69,2980607875,1,1270,-660.4,RUB
Instax Shop,0247667232-0130-1,2026-09-16,32,type_32,2980607875,1,,-59,RUB
Instax Shop,0146523772-0659-1,2026-09-15,74,type_74,2090798532,1,,-8.21,RUB
Instax Shop,0146523772-0659-1,2026-09-15,69,type_69,2090798532,1,547,-284.44,RUB
Instax Shop,0146523772-0659-1,2026-09-15,32,type_32,2090798532,1,,-71,RUB
Instax Shop,0146523772-0659-1,2026-09-15,29,type_29,2090798532,1,,-8.45,RUB
Instax Shop,0184515138-0063-1,2026-09-18,74,type_74,2396423754,1,,-19.16,RUB
Instax Shop,0184515138-0063-1,2026-09-18,32,type_32,2396423754,1,,-118,RUB
Instax Shop,0184515138-0063-1,2026-09-18,69,type_69,2396423754,1,1277,-664.04,RUB
Instax Shop,0184515138-0063-1,2026-09-18,98,type_98,2396423754,1,,-25,RUB
Instax Shop,77414697-0040-1,2026-09-15,29,type_29,1967682223,1,,-11.79,RUB
Instax Shop,77414697-0040-1,2026-09-17,45,type_45,1967682223,1,,-15,RUB
Instax Shop,77414697-0040-1,2026-09-15,74,type_74,1967682223,1,,-19.16,RUB
Instax Shop,77414697-0040-1,2026-09-16,69,type_69,1967682223,1,-1277,664.04,RUB
Instax Shop,77414697-0040-1,2026-09-17,59,type_59,1967682223,1,,-56,RUB
Instax Shop,77414697-0040-1,2026-09-15,69,type_69,1967682223,1,1277,-664.04,RUB
Instax Shop,77414697-0040-1,2026-09-15,32,type_32,1967682223,1,,-65,RUB
Instax Shop,0109926045-0238-1,2026-09-18,59,type_59,1967682262,1,,-56,RUB
Instax Shop,0109926045-0238-1,2026-09-18,32,type_32,1967682262,1,,-68,RUB
Instax Shop,0109926045-0238-1,2026-09-18,45,type_45,1967682262,1,,-15,RUB
Instax Shop,0109926045-0238-1,2026-09-18,29,type_29,1967682262,1,,-6.57,RUB
Instax Shop,08351734-0350-1,2026-09-17,32,type_32,1393797856,1,,-62,RUB
Instax Shop,08351734-0350-1,2026-09-17,29,type_29,1393797856,1,,-7.72,RUB
Instax Shop,08351734-0350-1,2026-09-17,74,type_74,1393797856,1,,-19.16,RUB
Instax Shop,08351734-0350-1,2026-09-17,69,type_69,1393797856,1,1277,-664.04,RUB
Instax Shop,0130166160-0109-1,2026-09-14,29,type_29,2980607875,1,,-10.59,RUB
Instax Shop,0130166160-0109-1,2026-09-14,69,type_69,2980607875,1,1277,-664.04,RUB
Instax Shop,0130166160-0109-1,2026-09-14,32,type_32,2980607875,1,,-65,RUB
Instax Shop,0130166160-0109-1,2026-09-14,74,type_74,2980607875,1,,-19.16,RUB
Instax Shop,0123980154-0129-1,2026-09-14,74,type_74,2082848101,1,,-19.16,RUB
Instax Shop,0123980154-0129-1,2026-09-14,69,type_69,2082848101,1,1277,-664.04,RUB
Instax Shop,0123980154-0129-1,2026-09-14,29,type_29,2082848101,1,,-8.26,RUB
Instax Shop,0123980154-0129-1,2026-09-14,32,type_32,2082848101,1,,-69,RUB
Instax Shop,0152037016-0129-1,2026-09-15,32,type_32,2082848101,1,,-61,RUB
Instax Shop,0152037016-0129-1,2026-09-15,69,type_69,2082848101,1,1277,-664.04,RUB
Instax Shop,0152037016-0129-1,2026-09-15,29,type_29,2082848101,1,,-7.65,RUB
Instax Shop,0152037016-0129-1,2026-09-15,74,type_74,2082848101,1,,-19.16,RUB
Instax Shop,33234666-0419-1,2026-09-15,32,type_32,908818342,1,,-76,RUB
Instax Shop,33234666-0419-1,2026-09-15,59,type_59,908818342,1,,-56,RUB
Instax Shop,0149515651-0260-1,2026-09-18,32,type_32,2090798474,1,,-87,RUB
Instax Shop,0149515651-0260-1,2026-09-18,69,type_69,2090798474,1,547,-284.44,RUB
Instax Shop,0149515651-0260-1,2026-09-18,74,type_74,2090798474,1,,-8.21,RUB
Instax Shop,0149515651-0260-1,2026-09-18,29,type_29,2090798474,1,,-8.43,RUB
Instax Shop,86810013-0084-3,2026-09-17,39,type_39,2082847247,1,,-10,RUB
Instax Shop,86810013-0084-3,2026-09-17,38,type_38,2082847247,1,,-5,RUB
Instax Shop,0191959174-0247-1,2026-09-15,32,type_32,2082848101,1,,-72,RUB
Instax Shop,0191959174-0247-1,2026-09-15,29,type_29,2082848101,1,,-6.81,RUB
Instax Shop,0191959174-0247-1,2026-09-15,74,type_74,2082848101,1,,-19.16,RUB
Instax Shop,0191959174-0247-1,2026-09-15,69,type_69,2082848101,1,1277,-664.04,RUB
Instax Shop,93689836-0426-2,2026-09-14,69,type_69,2980607875,1,1277,-664.04,RUB
Instax Shop,93689836-0426-2,2026-09-14,74,type_74,2980607875,1,,-19.16,RUB
Instax Shop,93689836-0426-2,2026-09-14,29,type_29,2980607875,1,,-22.09,RUB
Instax Shop,93689836-0426-2,2026-09-14,32,type_32,2980607875,1,,-65,RUB
Instax Shop,92329286-0478-2,2026-09-15,38,type_38,2980607875,1,,-5,RUB
Instax Shop,92329286-0478-2,2026-09-18,59,type_59,2980607875,1,,-56,RUB
Instax Shop,92329286-0478-2,2026-09-18,32,type_32,2980607875,1,,-59,RUB
Instax Shop,92329286-0478-2,2026-09-18,29,type_29,2980607875,1,,-6.44,RUB
Instax Shop,92329286-0478-2,2026-09-15,39,type_39,2980607875,1,,-10,RUB
Instax Shop,92329286-0478-2,2026-09-18,45,type_45,2980607875,1,,-15,RUB
Instax Shop,56686650-0499-1,2026-09-17,59,type_59,2078708952,1,,-56,RUB
Instax Shop,56686650-0499-1,2026-09-17,32,type_32,2078708952,1,,-76,RUB
Instax Shop,24607256-0196-1,2026-09-15,29,type_29,1393855629,1,,-6.66,RUB
Instax Shop,24607256-0196-1,2026-09-15,32,type_32,1393855629,1,,-72,RUB
Instax Shop,24607256-0196-1,2026-09-15,69,type_69,1393855629,1,1208,-628.16,RUB
Instax Shop,24607256-0196-1,2026-09-15,74,type_74,1393855629,1,,-18.12,RUB
Instax Shop,0117904833-0362-1,2026-09-16,32,type_32,2396423754,1,,-77,RUB
Instax Shop,0117904833-0362-1,2026-09-16,29,type_29,2396423754,1,,-8.14,RUB
Instax Shop,0117904833-0362-1,2026-09-16,74,type_74,2396423754,1,,-19.16,RUB
Instax Shop,0117904833-0362-1,2026-09-16,69,type_69,2396423754,1,1277,-664.04,RUB
Instax Shop,67677126-0132-1,2026-09-15,69,type_69,1967682200,1,1277,-664.04,RUB
Instax Shop,67677126-0132-1,2026-09-15,29,type_29,1967682200,1,,-11.52,RUB
Instax Shop,67677126-0132-1,2026-09-15,74,type_74,1967682200,1,,-19.16,RUB
Instax Shop,67677126-0132-1,2026-09-15,32,type_32,1967682200,1,,-65,RUB
Instax Shop,82509759-0149-2,2026-09-18,29,type_29,1281295474,1,,-10.92,RUB
Instax Shop,82509759-0149-2,2026-09-18,32,type_32,1281295474,1,,-72,RUB
Instax Shop,82509759-0149-2,2026-09-18,69,type_69,1281295474,1,1277,-664.04,RUB
Instax Shop,82509759-0149-2,2026-09-18,74,type_74,1281295474,1,,-19.16,RUB
Instax Shop,66589109-0276-2,2026-09-14,29,type_29,2082847117,1,,-8.93,RUB
Instax Shop,66589109-0276-2,2026-09-14,69,type_69,2082847117,1,1277,-664.04,RUB
Instax Shop,66589109-0276-2,2026-09-14,32,type_32,2082847117,1,,-76,RUB
Instax Shop,66589109-0276-2,2026-09-14,74,type_74,2082847117,1,,-19.16,RUB
Instax Shop,81545779-0295-1,2026-09-14,69,type_69,1283107014,1,777,-404.04,RUB
Instax Shop,81545779-0295-1,2026-09-14,32,type_32,1283107014,1,,-84,RUB
Instax Shop,81545779-0295-1,2026-09-14,74,type_74,1283107014,1,,-11.66,RUB
Instax Shop,0125831231-0374-1,2026-09-14,32,type_32,4893687016,1,,-65,RUB
Instax Shop,0125831231-0374-1,2026-09-14,74,type_74,4893687016,1,,-19.16,RUB
Instax Shop,0125831231-0374-1,2026-09-14,29,type_29,4893687016,1,,-8.32,RUB
Instax Shop,0125831231-0374-1,2026-09-14,69,type_69,4893687016,1,1277,-600.19,RUB
Instax Shop,65244020-0331-1,2026-09-16,69,type_69,2965617581,1,497,-253.47,RUB
Instax Shop,65244020-0331-1,2026-09-16,32,type_32,2965617581,1,,-72,RUB
Instax Shop,65244020-0331-1,2026-09-16,29,type_29,2965617581,1,,-7.39,RUB
Instax Shop,65244020-0331-1,2026-09-16,74,type_74,2965617581,1,,-7.46,RUB
Instax Shop,0132391080-0014-2,2026-09-16,74,type_74,2082848101,1,,-19.16,RUB
Instax Shop,0132391080-0014-2,2026-09-16,69,type_69,2082848101,1,1277,-664.04,RUB
Instax Shop,0132391080-0014-2,2026-09-16,32,type_32,2082848101,1,,-57,RUB
Instax Shop,0132391080-0014-2,2026-09-16,29,type_29,2082848101,1,,-7.6,RUB
Instax Shop,68201954-0622-1,2026-09-14,29,type_29,1393792471,1,,-7.92,RUB
Instax Shop,68201954-0622-1,2026-09-14,69,type_69,1393792471,1,1277,-664.04,RUB
Instax Shop,68201954-0622-1,2026-09-14,74,type_74,1393792471,1,,-19.16,RUB
Instax Shop,68201954-0622-1,2026-09-14,32,type_32,1393792471,1,,-65,RUB
Instax Shop,56554161-0488-1,2026-09-16,38,type_38,1281295474,1,,-5,RUB
Instax Shop,56554161-0488-1,2026-09-16,39,type_39,1281295474,1,,-10,RUB
Instax Shop,0132907257-0024-1,2026-09-15,38,type_38,908817486,1,,-5,RUB
Instax Shop,0132907257-0024-1,2026-09-16,45,type_45,908817486,1,,-15,RUB
Instax Shop,0132907257-0024-1,2026-09-15,39,type_39,908817486,1,,-10,RUB
Instax Shop,0132907257-0024-1,2026-09-16,29,type_29,908817486,1,,-12.37,RUB
Instax Shop,0132907257-0024-1,2026-09-16,32,type_32,908817486,1,,-76,RUB
Instax Shop,0132907257-0024-1,2026-09-16,59,type_59,908817486,1,,-56,RUB
Instax Shop,11770884-0194-1,2026-09-16,29,type_29,1393855629,1,,-11.81,RUB
Instax Shop,11770884-0194-1,2026-09-16,74,type_74,1393855629,1,,-18.12,RUB
Instax Shop,11770884-0194-1,2026-09-16,69,type_69,1393855629,1,1208,-628.16,RUB
Instax Shop,11770884-0194-1,2026-09-16,32,type_32,1393855629,1,,-71,RUB
Instax Shop,24890841-0896-2,2026-09-15,74,type_74,1281295474,1,,-19.16,RUB
Instax Shop,24890841-0896-2,2026-09-15,69,type_69,1281295474,1,1277,-664.04,RUB
Instax Shop,24890841-0896-2,2026-09-15,32,type_32,1281295474,1,,-76,RUB
Instax Shop,24890841-0896-2,2026-09-15,29,type_29,1281295474,1,,-11.57,RUB
Instax Shop,0100346606-0066-1,2026-09-16,39,type_39,2090798532,1,,-10,RUB
Instax Shop,0100346606-0066-1,2026-09-16,38,type_38,2090798532,1,,-5,RUB
Instax Shop,0139472016-0018-1,2026-09-17,39,type_39,1393792471,1,,-10,RUB
Instax Shop,0139472016-0018-1,2026-09-17,38,type_38,1393792471,1,,-5,RUB
Instax Shop,48312361-0204-1,2026-09-16,69,type_69,1967320770,1,777,-404.04,RUB
Instax Shop,48312361-0204-1,2026-09-16,74,type_74,1967320770,1,,-11.66,RUB
Instax Shop,48312361-0204-1,2026-09-16,29,type_29,1967320770,1,,-6.67,RUB
Instax Shop,48312361-0204-1,2026-09-16,32,type_32,1967320770,1,,-77,RUB
Instax Shop,51103087-0203-3,2026-09-14,74,type_74,2082848101,1,,-19.16,RUB
Instax Shop,51103087-0203-3,2026-09-14,69,type_69,2082848101,1,1277,-664.04,RUB
Instax Shop,51103087-0203-3,2026-09-14,32,type_32,2082848101,1,,-65,RUB
Instax Shop,51103087-0203-3,2026-09-14,29,type_29,2082848101,1,,-10.49,RUB
Instax Shop,02867329-0037-5,2026-09-14,29,type_29,3534921079,1,,-8.1,RUB
Instax Shop,02867329-0037-5,2026-09-14,74,type_74,3534921079,1,,-18.95,RUB
Instax Shop,02867329-0037-5,2026-09-14,69,type_69,3534921079,1,1263,-593.61,RUB
Instax Shop,02867329-0037-5,2026-09-14,32,type_32,3534921079,1,,-63,RUB
Instax Shop,0135708371-0464-1,2026-09-19,45,type_45,1393797856,1,,-15,RUB
Instax Shop,0135708371-0464-1,2026-09-16,74,type_74,1393797856,1,,-19.16,RUB
Instax Shop,0135708371-0464-1,2026-09-17,39,type_39,1393797856,1,,-10,RUB
Instax Shop,0135708371-0464-1,2026-09-17,38,type_38,1393797856,1,,-5,RUB
Instax Shop,0135708371-0464-1,2026-09-16,29,type_29,1393797856,1,,-12.1,RUB
Instax Shop,0135708371-0464-1,2026-09-16,32,type_32,1393797856,1,,-61,RUB
Instax Shop,0135708371-0464-1,2026-09-16,69,type_69,1393797856,1,1277,-664.04,RUB
Instax Shop,0135708371-0464-1,2026-09-19,59,type_59,1393797856,1,,-56,RUB
Instax Shop,0135708371-0464-1,2026-09-17,69,type_69,1393797856,1,-1277,664.04,RUB
Instax Shop,0124824421-0011-1,2026-09-14,32,type_32,2980607875,1,,-65,RUB
Instax Shop,0124824421-0011-1,2026-09-14,74,type_74,2980607875,1,,-19.16,RUB
Instax Shop,0124824421-0011-1,2026-09-14,69,type_69,2980607875,1,1277,-664.04,RUB
Instax Shop,0124824421-0011-1,2026-09-14,29,type_29,2980607875,1,,-7.39,RUB
Instax Shop,52372002-0377-1,2026-09-14,32,type_32,1393797856,1,,-76,RUB
Instax Shop,52372002-0377-1,2026-09-14,29,type_29,1393797856,1,,-9.59,RUB
Instax Shop,52372002-0377-1,2026-09-14,74,type_74,1393797856,1,,-19.16,RUB
Instax Shop,52372002-0377-1,2026-09-14,69,type_69,1393797856,1,1277,-664.04,RUB
Instax Shop,19355591-0248-3,2026-09-15,29,type_29,2082848101,1,,-8.4,RUB
Instax Shop,19355591-0248-3,2026-09-15,69,type_69,2082848101,1,1277,-664.04,RUB
Instax Shop,19355591-0248-3,2026-09-15,32,type_32,2082848101,1,,-59,RUB
Instax Shop,19355591-0248-3,2026-09-15,74,type_74,2082848101,1,,-19.16,RUB
Instax Shop,0118395671-0101-1,2026-09-17,45,type_45,2396423754,1,,-15,RUB
Instax Shop,0118395671-0101-1,2026-09-15,39,type_39,2396423754,1,,-10,RUB
Instax Shop,0118395671-0101-1,2026-09-15,38,type_38,2396423754,1,,-5,RUB
Instax Shop,0118395671-0101-1,2026-09-17,29,type_29,2396423754,1,,-11.47,RUB
Instax Shop,0118395671-0101-1,2026-09-17,32,type_32,2396423754,1,,-73,RUB
Instax Shop,0118395671-0101-1,2026-09-17,59,type_59,2396423754,1,,-63,RUB
Instax Shop,0118395671-0102-1,2026-09-15,32,type_32,2396998748,1,,-73,RUB
Instax Shop,0118395671-0102-1,2026-09-15,74,type_74,2396998748,1,,-19.16,RUB
Instax Shop,0118395671-0102-1,2026-09-15,29,type_29,2396998748,1,,-11.47,RUB
Instax Shop,0118395671-0102-1,2026-09-15,69,type_69,2396998748,1,1277,-664.04,RUB
Instax Shop,51218838-0113-1,2026-09-16,74,type_74,2980607875,1,,-19.05,RUB
Instax Shop,51218838-0113-1,2026-09-16,32,type_32,2980607875,1,,-56,RUB
Instax Shop,51218838-0113-1,2026-09-16,69,type_69,2980607875,1,1270,-660.4,RUB
Instax Shop,51218838-0113-1,2026-09-16,29,type_29,2980607875,1,,-8.02,RUB
Instax Shop,35348822-0307-2,2026-09-17,74,type_74,2090798532,1,,-8.21,RUB
Instax Shop,35348822-0307-2,2026-09-17,98,type_98,2090798532,1,,-25,RUB
Instax Shop,35348822-0307-2,2026-09-17,69,type_69,2090798532,1,547,-284.44,RUB
Instax Shop,35348822-0307-2,2026-09-17,32,type_32,2090798532,1,,-112,RUB
Instax Shop,0126091706-0561-1,2026-09-16,69,type_69,1281295474,1,1277,-664.04,RUB
Instax Shop,0126091706-0561-1,2026-09-16,74,type_74,1281295474,1,,-19.16,RUB
Instax Shop,0126091706-0561-1,2026-09-16,98,type_98,1281295474,1,,-25,RUB
Instax Shop,0126091706-0561-1,2026-09-16,32,type_32,1281295474,1,,-107,RUB
Instax Shop,15085095-0361-1,2026-09-15,69,type_69,2980607875,1,1277,-664.04,RUB
Instax Shop,15085095-0361-1,2026-09-15,74,type_74,2980607875,1,,-19.16,RUB
Instax Shop,15085095-0361-1,2026-09-15,29,type_29,2980607875,1,,-9.35,RUB
Instax Shop,15085095-0361-1,2026-09-15,32,type_32,2980607875,1,,-59,RUB
Instax Shop,39813035-0172-3,2026-09-16,74,type_74,908818342,1,,-15.71,RUB
Instax Shop,39813035-0172-3,2026-09-16,29,type_29,908818342,1,,-12.03,RUB
Instax Shop,39813035-0172-3,2026-09-16,32,type_32,908818342,1,,-65,RUB
Instax Shop,39813035-0172-3,2026-09-16,69,type_69,908818342,1,1047,-544.44,RUB
Instax Shop,48019090-0464-1,2026-09-16,29,type_29,2090798532,1,,-8.91,RUB
Instax Shop,48019090-0464-1,2026-09-16,69,type_69,2090798532,1,547,-284.44,RUB
Instax Shop,48019090-0464-1,2026-09-16,32,type_32,2090798532,1,,-76,RUB
Instax Shop,48019090-0464-1,2026-09-16,74,type_74,2090798532,1,,-8.21,RUB
Instax Shop,0102320122-0242-1,2026-09-15,74,type_74,1281298623,1,,-19.16,RUB
Instax Shop,0102320122-0242-1,2026-09-15,69,type_69,1281298623,1,1277,-664.04,RUB
Instax Shop,0102320122-0242-1,2026-09-15,32,type_32,1281298623,1,,-69,RUB
Instax Shop,0102320122-0242-1,2026-09-15,29,type_29,1281298623,1,,-8.54,RUB
Instax Shop,09128172-1414-1,2026-09-18,69,type_69,1281292708,1,-1277,664.04,RUB
Instax Shop,09128172-1414-1,2026-09-19,59,type_59,1281292708,1,,-56,RUB
Instax Shop,09128172-1414-1,2026-09-14,69,type_69,1281292708,1,1277,-664.04,RUB
Instax Shop,09128172-1414-1,2026-09-14,32,type_32,1281292708,1,,-76,RUB
Instax Shop,09128172-1414-1,2026-09-14,29,type_29,1281292708,1,,-11.19,RUB
Instax Shop,09128172-1414-1,2026-09-18,38,type_38,1281292708,1,,-5,RUB
Instax Shop,09128172-1414-1,2026-09-18,39,type_39,1281292708,1,,-10,RUB
Instax Shop,09128172-1414-1,2026-09-14,74,type_74,1281292708,1,,-19.16,RUB
Instax Shop,09128172-1414-1,2026-09-19,45,type_45,1281292708,1,,-15,RUB
Instax Shop,71541415-0171-1,2026-09-16,32,type_32,2078708952,1,,-68,RUB
Instax Shop,71541415-0171-1,2026-09-16,29,type_29,2078708952,1,,-7.05,RUB
Instax Shop,71541415-0171-1,2026-09-16,74,type_74,2078708952,1,,-19.16,RUB
Instax Shop,71541415-0171-1,2026-09-16,69,type_69,2078708952,1,1277,-600.19,RUB
Instax Shop,36437889-0348-1,2026-09-14,29,type_29,2078708952,1,,-11.43,RUB
Instax Shop,36437889-0348-1,2026-09-14,69,type_69,2078708952,1,1277,-600.19,RUB
Instax Shop,36437889-0348-1,2026-09-14,74,type_74,2078708952,1,,-19.16,RUB
Instax Shop,36437889-0348-1,2026-09-14,32,type_32,2078708952,1,,-76,RUB
Instax Shop,0188966635-0085-1,2026-09-14,39,type_39,1854586926,1,,-10,RUB
Instax Shop,0188966635-0085-1,2026-09-14,38,type_38,1854586926,1,,-5,RUB
Instax Shop,0188966635-0085-1,2026-09-14,32,type_32,1854586926,1,,-76,RUB
Instax Shop,0188966635-0085-1,2026-09-14,29,type_29,1854586926,1,,-9.87,RUB
Instax Shop,0188966635-0085-1,2026-09-14,69,type_69,1854586926,1,-947,492.44,RUB
Instax Shop,0188966635-0085-1,2026-09-16,45,type_45,1854586926,1,,-15,RUB
Instax Shop,0188966635-0085-1,2026-09-16,59,type_59,1854586926,1,,-56,RUB
Instax Shop,0188966635-0085-1,2026-09-14,69,type_69,1854586926,1,947,-492.44,RUB
Instax Shop,0188966635-0085-1,2026-09-14,74,type_74,1854586926,1,,-14.21,RUB
Instax Shop,79372183-0108-1,2026-09-14,29,type_29,2082848101,1,,-9.3,RUB
Instax Shop,79372183-0108-1,2026-09-14,74,type_74,2082848101,1,,-19.16,RUB
Instax Shop,79372183-0108-1,2026-09-14,32,type_32,2082848101,1,,-76,RUB
Instax Shop,79372183-0108-1,2026-09-14,69,type_69,2082848101,1,1277,-664.04,RUB
Instax Shop,55982134-0203-1,2026-09-17,32,type_32,2980607848,1,,-70,RUB
Instax Shop,55982134-0203-1,2026-09-17,69,type_69,2980607848,1,1277,-664.04,RUB
Instax Shop,55982134-0203-1,2026-09-17,29,type_29,2980607848,1,,-9.01,RUB
Instax Shop,55982134-0203-1,2026-09-17,74,type_74,2980607848,1,,-19.16,RUB
Instax Shop,0209791449-0168-1,2026-09-17,32,type_32,1393792471,1,,-64,RUB
Instax Shop,0209791449-0168-1,2026-09-17,74,type_74,1393792471,1,,-19.16,RUB
Instax Shop,0209791449-0168-1,2026-09-17,98,type_98,1393792471,1,,-25,RUB
Instax Shop,0209791449-0168-1,2026-09-17,69,type_69,1393792471,1,1277,-664.04,RUB
Instax Shop,51424025-0164-3,2026-09-15,69,type_69,2082847183,1,1277,-664.04,RUB
Instax Shop,51424025-0164-3,2026-09-15,74,type_74,2082847183,1,,-19.16,RUB
Instax Shop,51424025-0164-3,2026-09-15,29,type_29,2082847183,1,,-9.02,RUB
Instax Shop,51424025-0164-3,2026-09-15,32,type_32,2082847183,1,,-68,RUB
Instax Shop,39155147-0068-1,2026-09-16,29,type_29,2082847117,1,,-6.97,RUB
Instax Shop,39155147-0068-1,2026-09-16,69,type_69,2082847117,1,1277,-664.04,RUB
Instax Shop,39155147-0068-1,2026-09-16,32,type_32,2082847117,1,,-112,RUB
Instax Shop,39155147-0068-1,2026-09-16,74,type_74,2082847117,1,,-19.16,RUB
Instax Shop,39155147-0069-1,2026-09-19,45,type_45,2082847183,1,,-15,RUB
Instax Shop,39155147-0069-1,2026-09-19,59,type_59,2082847183,1,,-56,RUB
Instax Shop,39155147-0069-1,2026-09-19,32,type_32,2082847183,1,,-112,RUB
Instax Shop,39155147-0069-1,2026-09-16,38,type_38,2082847183,1,,-5,RUB
Instax Shop,39155147-0069-1,2026-09-19,29,type_29,2082847183,1,,-7.28,RUB
Instax Shop,39155147-0069-1,2026-09-16,39,type_39,2082847183,1,,-10,RUB
Instax Shop,46567543-1102-1,2026-09-16,39,type_39,2090798532,1,,-10,RUB
Instax Shop,46567543-1102-1,2026-09-16,69,type_69,2090798532,1,-547,284.44,RUB
Instax Shop,46567543-1102-1,2026-09-16,69,type_69,2090798532,1,547,-284.44,RUB
Instax Shop,46567543-1102-1,2026-09-16,38,type_38,2090798532,1,,-5,RUB
Instax Shop,46567543-1102-1,2026-09-16,74,type_74,2090798532,1,,-8.21,RUB
Instax Shop,46567543-1102-1,2026-09-16,29,type_29,2090798532,1,,-11.74,RUB
Instax Shop,46567543-1102-1,2026-09-16,32,type_32,2090798532,1,,-112,RUB
Instax Shop,0170858072-0040-1,2026-09-14,74,type_74,4893687016,1,,-19.16,RUB
Instax Shop,0170858072-0040-1,2026-09-14,32,type_32,4893687016,1,,-58,RUB
Instax Shop,0170858072-0040-1,2026-09-14,29,type_29,4893687016,1,,-10.03,RUB
Instax Shop,0170858072-0040-1,2026-09-14,69,type_69,4893687016,1,1277,-600.19,RUB
Instax Shop,0132876682-0404-1,2026-09-14,32,type_32,2082848101,1,,-65,RUB
Instax Shop,0132876682-0404-1,2026-09-14,74,type_74,2082848101,1,,-19.16,RUB
Instax Shop,0132876682-0404-1,2026-09-14,69,type_69,2082848101,1,1277,-664.04,RUB
Instax Shop,0132876682-0404-1,2026-09-14,29,type_29,2082848101,1,,-10.65,RUB
Instax Shop,0173138004-0277-1,2026-09-17,74,type_74,1967682432,1,,-19.16,RUB
Instax Shop,0173138004-0277-1,2026-09-17,29,type_29,1967682432,1,,-8.63,RUB
Instax Shop,0173138004-0277-1,2026-09-17,32,type_32,1967682432,1,,-69,RUB
Instax Shop,0173138004-0277-1,2026-09-17,69,type_69,1967682432,1,1277,-664.04,RUB
Instax Shop,0133415004-0045-1,2026-09-17,69,type_69,2090798532,1,547,-284.44,RUB
Instax Shop,0133415004-0045-1,2026-09-17,32,type_32,2090798532,1,,-70,RUB
Instax Shop,0133415004-0045-1,2026-09-17,29,type_29,2090798532,1,,-10.01,RUB
Instax Shop,0133415004-0045-1,2026-09-17,74,type_74,2090798532,1,,-8.21,RUB
Instax Shop,40760698-0002-1,2026-09-15,29,type_29,3534921158,1,,-13.17,RUB
Instax Shop,40760698-0002-1,2026-09-15,32,type_32,3534921158,1,,-63,RUB
Instax Shop,40760698-0002-1,2026-09-15,45,type_45,3534921158,1,,-15,RUB
Instax Shop,40760698-0002-1,2026-09-15,59,type_59,3534921158,1,,-63,RUB
Instax Shop,0139119470-0086-1,2026-09-15,29,type_29,2082847117,1,,-9.08,RUB
Instax Shop,0139119470-0086-1,2026-09-15,69,type_69,2082847117,1,1277,-664.04,RUB
Instax Shop,0139119470-0086-1,2026-09-15,74,type_74,2082847117,1,,-19.16,RUB
Instax Shop,0139119470-0086-1,2026-09-15,32,type_32,2082847117,1,,-65,RUB
Instax Shop,69766842-0327-1,2026-09-17,69,type_69,1393792471,1,1277,-664.04,RUB
Instax Shop,69766842-0327-1,2026-09-17,32,type_32,1393792471,1,,-72,RUB
Instax Shop,69766842-0327-1,2026-09-17,29,type_29,1393792471,1,,-6.01,RUB
Instax Shop,69766842-0327-1,2026-09-17,74,type_74,1393792471,1,,-19.16,RUB
Instax Shop,73733567-0186-3,2026-09-16,29,type_29,2086979848,1,,-8.19,RUB
Instax Shop,73733567-0186-3,2026-09-16,69,type_69,2086979848,1,1077,-560.04,RUB
Instax Shop,73733567-0186-3,2026-09-16,74,type_74,2086979848,1,,-16.16,RUB
Instax Shop,73733567-0186-3,2026-09-16,32,type_32,2086979848,1,,-68,RUB
Instax Shop,05954784-1026-2,2026-09-15,32,type_32,2078708952,1,,-65,RUB
Instax Shop,05954784-1026-2,2026-09-15,74,type_74,2078708952,1,,-19.16,RUB
Instax Shop,05954784-1026-2,2026-09-15,29,type_29,2078708952,1,,-8.48,RUB
Instax Shop,05954784-1026-2,2026-09-15,69,type_69,2078708952,1,1277,-600.19,RUB
Instax Shop,36627351-0266-1,2026-09-17,69,type_69,2090798474,1,547,-284.44,RUB
Instax Shop,36627351-0266-1,2026-09-17,32,type_32,2090798474,1,,-87,RUB
Instax Shop,36627351-0266-1,2026-09-17,29,type_29,2090798474,1,,-7.89,RUB
Instax Shop,36627351-0266-1,2026-09-17,74,type_74,2090798474,1,,-8.21,RUB
Instax Shop,46539550-0188-1,2026-09-15,69,type_69,1857077051,1,777,-404.04,RUB
Instax Shop,46539550-0188-1,2026-09-15,74,type_74,1857077051,1,,-11.66,RUB
Instax Shop,46539550-0188-1,2026-09-15,29,type_29,1857077051,1,,-8.82,RUB
Instax Shop,46539550-0188-1,2026-09-15,32,type_32,1857077051,1,,-78,RUB
Instax Shop,44137720-0283-1,2026-09-15,32,type_32,2396423754,1,,-84,RUB
Instax Shop,44137720-0283-1,2026-09-15,74,type_74,2396423754,1,,-19.16,RUB
Instax Shop,44137720-0283-1,2026-09-15,29,type_29,2396423754,1,,-8.95,RUB
Instax Shop,44137720-0283-1,2026-09-15,69,type_69,2396423754,1,1277,-664.04,RUB
Instax Shop,04768072-0288-1,2026-09-15,74,type_74,1857076973,1,,-11.66,RUB
Instax Shop,04768072-0288-1,2026-09-15,69,type_69,1857076973,1,777,-404.04,RUB
Instax Shop,04768072-0288-1,2026-09-15,32,type_32,1857076973,1,,-84,RUB
Instax Shop,04768072-0288-1,2026-09-15,29,type_29,1857076973,1,,-7.61,RUB
Instax Shop,0200978799-0374-1,2026-09-15,32,type_32,1281292708,1,,-76,RUB
Instax Shop,0200978799-0374-1,2026-09-15,69,type_69,1281292708,1,1277,-664.04,RUB
Instax Shop,0200978799-0374-1,2026-09-15,74,type_74,1281292708,1,,-19.16,RUB
Instax Shop,0200978799-0374-1,2026-09-15,29,type_29,1281292708,1,,-9.57,RUB
Instax Shop,35108037-0257-1,2026-09-16,29,type_29,2082848281,1,,-12.84,RUB
Instax Shop,35108037-0257-1,2026-09-16,74,type_74,2082848281,1,,-19.16,RUB
Instax Shop,35108037-0257-1,2026-09-16,32,type_32,2082848281,1,,-65,RUB
Instax Shop,35108037-0257-1,2026-09-16,69,type_69,2082848281,1,1277,-664.04,RUB
Instax Shop,65018469-0276-1,2026-09-16,69,type_69,1393792471,1,1277,-664.04,RUB
Instax Shop,65018469-0276-1,2026-09-16,32,type_32,1393792471,1,,-60,RUB
Instax Shop,65018469-0276-1,2026-09-16,29,type_29,1393792471,1,,-6.94,RUB
Instax Shop,65018469-0276-1,2026-09-16,74,type_74,1393792471,1,,-19.16,RUB
Instax Shop,0208994627-0063-5,2026-09-18,69,type_69,2396998748,1,1277,-664.04,RUB
Instax Shop,0208994627-0063-5,2026-09-18,32,type_32,2396998748,1,,-78,RUB
Instax Shop,0208994627-0063-5,2026-09-18,98,type_98,2396998748,1,,-25,RUB
Instax Shop,0208994627-0063-5,2026-09-18,74,type_74,2396998748,1,,-19.16,RUB
Instax Shop,63573192-0153-1,2026-09-15,69,type_69,2078708952,1,1277,-600.19,RUB
Instax Shop,63573192-0153-1,2026-09-15,74,type_74,2078708952,1,,-19.16,RUB
Instax Shop,63573192-0153-1,2026-09-15,29,type_29,2078708952,1,,-8.71,RUB
Instax Shop,63573192-0153-1,2026-09-15,32,type_32,2078708952,1,,-76,RUB
Instax Shop,0130011979-0327-1,2026-09-18,32,type_32,1281298623,1,,-57,RUB
Instax Shop,0130011979-0327-1,2026-09-18,69,type_69,1281298623,1,1277,-664.04,RUB
Instax Shop,0130011979-0327-1,2026-09-18,29,type_29,1281298623,1,,-6.78,RUB
Instax Shop,0130011979-0327-1,2026-09-18,74,type_74,1281298623,1,,-19.16,RUB
Instax Shop,30624265-0160-1,2026-09-18,59,type_59,2078708952,1,,-76,RUB
Instax Shop,30624265-0160-1,2026-09-18,45,type_45,2078708952,1,,-15,RUB
Instax Shop,30624265-0160-1,2026-09-15,39,type_39,2078708952,1,,-10,RUB
Instax Shop,30624265-0160-1,2026-09-15,38,type_38,2078708952,1,,-5,RUB
Instax Shop,30624265-0160-1,2026-09-18,29,type_29,2078708952,1,,-10.25,RUB
Instax Shop,30624265-0160-1,2026-09-18,32,type_32,2078708952,1,,-76,RUB
Instax Shop,95487576-0453-1,2026-09-15,32,type_32,1281292708,1,,-65,RUB
Instax Shop,95487576-0453-1,2026-09-15,69,type_69,1281292708,1,1277,-664.04,RUB
Instax Shop,95487576-0453-1,2026-09-15,74,type_74,1281292708,1,,-19.16,RUB
Instax Shop,95487576-0453-1,2026-09-15,29,type_29,1281292708,1,,-8.88,RUB
Instax Shop,0147912575-0567-1,2026-09-19,45,type_45,908818441,1,,-15,RUB
Instax Shop,0147912575-0567-1,2026-09-19,59,type_59,908818441,1,,-67,RUB
Instax Shop,0147912575-0567-1,2026-09-19,32,type_32,908818441,1,,-70,RUB
Instax Shop,0147912575-0567-1,2026-09-19,29,type_29,908818441,1,,-8.3,RUB
Instax Shop,58421936-0120-1,2026-09-16,69,type_69,2980607865,1,1277,-664.04,RUB
Instax Shop,58421936-0120-1,2026-09-16,38,type_38,2980607865,1,,-5,RUB
Instax Shop,58421936-0120-1,2026-09-16,29,type_29,2980607865,1,,-7.68,RUB
Instax Shop,58421936-0120-1,2026-09-16,39,type_39,2980607865,1,,-10,RUB
Instax Shop,58421936-0120-1,2026-09-16,32,type_32,2980607865,1,,-65,RUB
Instax Shop,58421936-0120-1,2026-09-16,74,type_74,2980607865,1,,-19.16,RUB
Instax Shop,58421936-0120-1,2026-09-16,69,type_69,2980607865,1,-1277,664.04,RUB
Instax Shop,58421936-0120-2,2026-09-16,29,type_29,2980607875,1,,-7.77,RUB
Instax Shop,58421936-0120-2,2026-09-16,74,type_74,2980607875,1,,-19.16,RUB
Instax Shop,58421936-0120-2,2026-09-16,69,type_69,2980607875,1,1277,-664.04,RUB
Instax Shop,58421936-0120-2,2026-09-16,32,type_32,2980607875,1,,-65,RUB
Instax Shop,42675754-0121-1,2026-09-15,29,type_29,2078708990,1,,-8.92,RUB
Instax Shop,42675754-0121-1,2026-09-15,32,type_32,2078708990,1,,-76,RUB
Instax Shop,42675754-0121-1,2026-09-19,38,type_38,2078708990,1,,-5,RUB
Instax Shop,42675754-0121-1,2026-09-15,74,type_74,2078708990,1,,-19.16,RUB
Instax Shop,42675754-0121-1,2026-09-19,39,type_39,2078708990,1,,-10,RUB
Instax Shop,42675754-0121-1,2026-09-19,69,type_69,2078708990,1,-1277,600.19,RUB
Instax Shop,42675754-0121-1,2026-09-15,69,type_69,2078708990,1,1277,-600.19,RUB
Instax Shop,0128306953-0408-1,2026-09-15,29,type_29,2082848101,1,,-8.76,RUB
Instax Shop,0128306953-0408-1,2026-09-15,32,type_32,2082848101,1,,-65,RUB
Instax Shop,0128306953-0408-1,2026-09-15,69,type_69,2082848101,1,1277,-664.04,RUB
Instax Shop,0128306953-0408-1,2026-09-15,74,type_74,2082848101,1,,-19.16,RUB
Instax Shop,0133773825-0367-1,2026-09-16,74,type_74,908818342,1,,-15.71,RUB
Instax Shop,0133773825-0367-1,2026-09-16,29,type_29,908818342,1,,-8.03,RUB
Instax Shop,0133773825-0367-1,2026-09-16,32,type_32,908818342,1,,-74,RUB
Instax Shop,0133773825-0367-1,2026-09-16,69,type_69,908818342,1,1047,-544.44,RUB
Instax Shop,68434833-0119-1,2026-09-15,29,type_29,908818342,1,,-8.72,RUB
Instax Shop,68434833-0119-1,2026-09-15,69,type_69,908818342,1,1047,-544.44,RUB
Instax Shop,68434833-0119-1,2026-09-15,32,type_32,908818342,1,,-76,RUB
Instax Shop,68434833-0119-1,2026-09-15,74,type_74,908818342,1,,-15.71,RUB
Instax Shop,25530315-0343-2,2026-09-16,38,type_38,3534921158,1,,-5,RUB
Instax Shop,25530315-0343-2,2026-09-16,39,type_39,3534921158,1,,-10,RUB
Instax Shop,25530315-0343-2,2026-09-18,45,type_45,3534921158,1,,-15,RUB
Instax Shop,25530315-0343-2,2026-09-18,59,type_59,3534921158,1,,-63,RUB
Instax Shop,25530315-0343-2,2026-09-18,32,type_32,3534921158,1,,-72,RUB
Instax Shop,25530315-0343-2,2026-09-18,29,type_29,3534921158,1,,-10.83,RUB
Instax Shop,72764590-0594-1,2026-09-16,74,type_74,2980607875,1,,-19.05,RUB
Instax Shop,72764590-0594-1,2026-09-16,32,type_32,2980607875,1,,-60,RUB
Instax Shop,72764590-0594-1,2026-09-16,69,type_69,2980607875,1,1270,-660.4,RUB
Instax Shop,72764590-0594-1,2026-09-16,29,type_29,2980607875,1,,-9.29,RUB
Instax Shop,16246081-0217-1,2026-09-17,39,type_39,2980607875,1,,-10,RUB
Instax Shop,16246081-0217-1,2026-09-17,38,type_38,2980607875,1,,-5,RUB
Instax Shop,16246081-0217-1,2026-09-19,32,type_32,2980607875,1,,-59,RUB
Instax Shop,16246081-0217-1,2026-09-19,29,type_29,2980607875,1,,-8.19,RUB
Instax Shop,16246081-0217-1,2026-09-19,59,type_59,2980607875,1,,-56,RUB
Instax Shop,16246081-0217-1,2026-09-19,45,type_45,2980607875,1,,-15,RUB
Instax Shop,64857882-0159-2,2026-09-16,29,type_29,2082848281,1,,-8.42,RUB
Instax Shop,64857882-0159-2,2026-09-16,32,type_32,2082848281,1,,-112,RUB
Instax Shop,64857882-0159-2,2026-09-16,69,type_69,2082848281,1,1277,-664.04,RUB
Instax Shop,64857882-0159-2,2026-09-16,74,type_74,2082848281,1,,-19.16,RUB
Instax Shop,49156730-0513-2,2026-09-15,74,type_74,2082848101,1,,-19.16,RUB
Instax Shop,49156730-0513-2,2026-09-15,32,type_32,2082848101,1,,-76,RUB
Instax Shop,49156730-0513-2,2026-09-15,69,type_69,2082848101,1,1277,-664.04,RUB
Instax Shop,49156730-0513-2,2026-09-15,29,type_29,2082848101,1,,-11.02,RUB
Instax Shop,61296966-0864-1,2026-09-16,69,type_69,2090798532,1,547,-284.44,RUB
Instax Shop,61296966-0864-1,2026-09-16,32,type_32,2090798532,1,,-76,RUB
Instax Shop,61296966-0864-1,2026-09-16,29,type_29,2090798532,1,,-8.92,RUB
Instax Shop,61296966-0864-1,2026-09-16,74,type_74,2090798532,1,,-8.21,RUB
Instax Shop,24149919-0111-1,2026-09-17,32,type_32,1281292708,1,,-68,RUB
Instax Shop,24149919-0111-1,2026-09-17,74,type_74,1281292708,1,,-19.16,RUB
Instax Shop,24149919-0111-1,2026-09-17,69,type_69,1281292708,1,1277,-664.04,RUB
Instax Shop,24149919-0111-1,2026-09-17,29,type_29,1281292708,1,,-7.69,RUB
Instax Shop,0146420327-0124-1,2026-09-15,69,type_69,1967682262,1,1277,-664.04,RUB
Instax Shop,0146420327-0124-1,2026-09-15,32,type_32,1967682262,1,,-65,RUB
Instax Shop,0146420327-0124-1,2026-09-15,29,type_29,1967682262,1,,-7.64,RUB
Instax Shop,0146420327-0124-1,2026-09-15,74,type_74,1967682262,1,,-19.16,RUB
Instax Shop,0121624986-0176-1,2026-09-16,32,type_32,908818342,1,,-76,RUB
Instax Shop,0121624986-0176-1,2026-09-16,74,type_74,908818342,1,,-15.71,RUB
Instax Shop,0121624986-0176-1,2026-09-16,69,type_69,908818342,1,1047,-544.44,RUB
Instax Shop,0121624986-0176-1,2026-09-16,29,type_29,908818342,1,,-9.93,RUB
Instax Shop,08544546-0411-2,2026-09-15,74,type_74,2082848101,1,,-19.16,RUB
Instax Shop,08544546-0411-2,2026-09-15,32,type_32,2082848101,1,,-65,RUB
Instax Shop,08544546-0411-2,2026-09-15,69,type_69,2082848101,1,1277,-664.04,RUB
Instax Shop,08544546-0411-2,2026-09-15,29,type_29,2082848101,1,,-7.7,RUB
Instax Shop,65200394-0066-1,2026-09-17,29,type_29,2078708990,1,,-7.48,RUB
Instax Shop,65200394-0066-1,2026-09-17,69,type_69,2078708990,1,1277,-600.19,RUB
Instax Shop,65200394-0066-1,2026-09-17,32,type_32,2078708990,1,,-64,RUB
Instax Shop,65200394-0066-1,2026-09-17,74,type_74,2078708990,1,,-19.16,RUB
Instax Shop,78369913-0242-1,2026-09-18,38,type_38,1393792471,1,,-5,RUB
Instax Shop,78369913-0242-1,2026-09-18,39,type_39,1393792471,1,,-10,RUB
Instax Shop,82372655-0239-1,2026-09-17,69,type_69,1531108633,1,-1277,664.04,RUB
Instax Shop,82372655-0239-1,2026-09-16,74,type_74,1531108633,1,,-19.16,RUB
Instax Shop,82372655-0239-1,2026-09-16,29,type_29,1531108633,1,,-15.26,RUB
Instax Shop,82372655-0239-1,2026-09-16,32,type_32,1531108633,1,,-71,RUB
Instax Shop,82372655-0239-1,2026-09-16,69,type_69,1531108633,1,1277,-664.04,RUB
Instax Shop,0146020884-0230-1,2026-09-15,74,type_74,2090798532,1,,-8.21,RUB
Instax Shop,0146020884-0230-1,2026-09-15,32,type_32,2090798532,1,,-76,RUB
Instax Shop,0146020884-0230-1,2026-09-15,69,type_69,2090798532,1,547,-284.44,RUB
Instax Shop,0146020884-0230-1,2026-09-15,29,type_29,2090798532,1,,-8.55,RUB
Instax Shop,0116263970-0032-1,2026-09-15,74,type_74,1393792471,1,,-19.16,RUB
Instax Shop,0116263970-0032-1,2026-09-15,98,type_98,1393792471,1,,-25,RUB
Instax Shop,0116263970-0032-1,2026-09-15,32,type_32,1393792471,1,,-65,RUB
Instax Shop,0116263970-0032-1,2026-09-15,69,type_69,1393792471,1,1277,-664.04,RUB
Instax Shop,0124552037-0135-1,2026-09-15,38,type_38,2980607875,1,,-5,RUB
Instax Shop,0124552037-0135-1,2026-09-15,39,type_39,2980607875,1,,-10,RUB
Instax Shop,0200869344-0212-1,2026-09-18,29,type_29,2980607875,1,,-8.68,RUB
Instax Shop,0200869344-0212-1,2026-09-18,45,type_45,2980607875,1,,-15,RUB
Instax Shop,0200869344-0212-1,2026-09-17,39,type_39,2980607875,1,,-10,RUB
Instax Shop,0200869344-0212-1,2026-09-17,38,type_38,2980607875,1,,-5,RUB
Instax Shop,0200869344-0212-1,2026-09-18,59,type_59,2980607875,1,,-56,RUB
Instax Shop,0200869344-0212-1,2026-09-18,32,type_32,2980607875,1,,-65,RUB
Instax Shop,42556595-0992-3,2026-09-17,29,type_29,2078708952,1,,-13.59,RUB
Instax Shop,42556595-0992-3,2026-09-17,69,type_69,2078708952,1,1277,-600.19,RUB
Instax Shop,42556595-0992-3,2026-09-17,74,type_74,2078708952,1,,-19.16,RUB
Instax Shop,42556595-0992-3,2026-09-17,32,type_32,2078708952,1,,-76,RUB
Instax Shop,65698206-0010-1,2026-09-15,74,type_74,1967682256,1,,-19.16,RUB
Instax Shop,65698206-0010-1,2026-09-15,69,type_69,1967682256,1,1277,-664.04,RUB
Instax Shop,65698206-0010-1,2026-09-15,32,type_32,1967682256,1,,-76,RUB
Instax Shop,65698206-0010-1,2026-09-15,29,type_29,1967682256,1,,-10.02,RUB
Instax Shop,99681888-0099-1,2026-09-19,29,type_29,2082848101,1,,-10.96,RUB
Instax Shop,99681888-0099-1,2026-09-19,69,type_69,2082848101,1,1277,-664.04,RUB
Instax Shop,99681888-0099-1,2026-09-19,32,type_32,2082848101,1,,-76,RUB
Instax Shop,99681888-0099-1,2026-09-19,74,type_74,2082848101,1,,-19.16,RUB
Instax Shop,0150533376-0240-1,2026-09-17,32,type_32,2082848101,1,,-72,RUB
Instax Shop,0150533376-0240-1,2026-09-17,69,type_69,2082848101,1,1277,-664.04,RUB
Instax Shop,0150533376-0240-1,2026-09-17,74,type_74,2082848101,1,,-19.16,RUB
Instax Shop,0150533376-0240-1,2026-09-17,29,type_29,2082848101,1,,-6.96,RUB
Instax Shop,0121333564-0015-6,2026-09-17,74,type_74,1281295474,1,,-19.16,RUB
Instax Shop,0121333564-0015-6,2026-09-17,69,type_69,1281295474,1,1277,-664.04,RUB
Instax Shop,0121333564-0015-6,2026-09-17,32,type_32,1281295474,1,,-72,RUB
Instax Shop,0121333564-0015-6,2026-09-17,29,type_29,1281295474,1,,-7.13,RUB
Instax Shop,0114784611-0041-1,2026-09-16,69,type_69,2396998748,1,1277,-664.04,RUB
Instax Shop,0114784611-0041-1,2026-09-16,32,type_32,2396998748,1,,-84,RUB
Instax Shop,0114784611-0041-1,2026-09-16,74,type_74,2396998748,1,,-19.16,RUB
Instax Shop,0114784611-0041-1,2026-09-16,29,type_29,2396998748,1,,-12.98,RUB
Instax Shop,60830596-0098-1,2026-09-19,69,type_69,1967682200,1,1277,-664.04,RUB
Instax Shop,60830596-0098-1,2026-09-19,32,type_32,1967682200,1,,-60,RUB
Instax Shop,60830596-0098-1,2026-09-19,29,type_29,1967682200,1,,-7.33,RUB
Instax Shop,60830596-0098-1,2026-09-19,74,type_74,1967682200,1,,-19.16,RUB
Instax Shop,0143917922-0046-1,2026-09-17,69,type_69,1281295474,1,1277,-664.04,RUB
Instax Shop,0143917922-0046-1,2026-09-17,32,type_32,1281295474,1,,-65,RUB
Instax Shop,0143917922-0046-1,2026-09-17,29,type_29,1281295474,1,,-8.89,RUB
Instax Shop,0143917922-0046-1,2026-09-17,74,type_74,1281295474,1,,-19.16,RUB
Instax Shop,74837639-0197-1,2026-09-16,29,type_29,2082848101,1,,-10.26,RUB
Instax Shop,74837639-0197-1,2026-09-18,39,type_39,2082848101,1,,-10,RUB
Instax Shop,74837639-0197-1,2026-09-16,74,type_74,2082848101,1,,-19.16,RUB
Instax Shop,74837639-0197-1,2026-09-17,69,type_69,2082848101,1,-1277,664.04,RUB
Instax Shop,74837639-0197-1,2026-09-16,69,type_69,2082848101,1,1277,-664.04,RUB
Instax Shop,74837639-0197-1,2026-09-16,32,type_32,2082848101,1,,-70,RUB
Instax Shop,74837639-0197-1,2026-09-18,38,type_38,2082848101,1,,-5,RUB
Instax Shop,78202452-0411-1,2026-09-16,32,type_32,2082848281,1,,-67,RUB
Instax Shop,78202452-0411-1,2026-09-16,69,type_69,2082848281,1,1277,-664.04,RUB
Instax Shop,78202452-0411-1,2026-09-16,29,type_29,2082848281,1,,-10.6,RUB
Instax Shop,78202452-0411-1,2026-09-16,74,type_74,2082848281,1,,-19.16,RUB
Instax Shop,38732377-0125-1,2026-09-16,74,type_74,2078709116,1,,-19.16,RUB
Instax Shop,38732377-0125-1,2026-09-16,29,type_29,2078709116,1,,-6.97,RUB
Instax Shop,38732377-0125-1,2026-09-16,32,type_32,2078709116,1,,-65,RUB
Instax Shop,38732377-0125-1,2026-09-16,69,type_69,2078709116,1,1277,-600.19,RUB
Instax Shop,0103660603-0168-1,2026-09-16,69,type_69,1281295474,1,1277,-664.04,RUB
Instax Shop,0103660603-0168-1,2026-09-16,32,type_32,1281295474,1,,-76,RUB
Instax Shop,0103660603-0168-1,2026-09-16,29,type_29,1281295474,1,,-9.23,RUB
Instax Shop,0103660603-0168-1,2026-09-16,74,type_74,1281295474,1,,-19.16,RUB
Instax Shop,34402694-0366-1,2026-09-15,38,type_38,908817486,1,,-5,RUB
Instax Shop,34402694-0366-1,2026-09-15,69,type_69,908817486,1,-1047,544.44,RUB
Instax Shop,34402694-0366-1,2026-09-19,45,type_45,908817486,1,,-15,RUB
Instax Shop,34402694-0366-1,2026-09-19,59,type_59,908817486,1,,-56,RUB
Instax Shop,34402694-0366-1,2026-09-15,69,type_69,908817486,1,1047,-544.44,RUB
Instax Shop,34402694-0366-1,2026-09-15,32,type_32,908817486,1,,-76,RUB
Instax Shop,34402694-0366-1,2026-09-15,29,type_29,908817486,1,,-8.98,RUB
Instax Shop,34402694-0366-1,2026-09-15,39,type_39,908817486,1,,-10,RUB
Instax Shop,34402694-0366-1,2026-09-15,74,type_74,908817486,1,,-15.71,RUB
Instax Shop,09128172-1418-1,2026-09-16,74,type_74,1967682200,1,,-19.16,RUB
Instax Shop,09128172-1418-1,2026-09-16,29,type_29,1967682200,1,,-9.75,RUB
Instax Shop,09128172-1418-1,2026-09-16,32,type_32,1967682200,1,,-65,RUB
Instax Shop,09128172-1418-1,2026-09-16,69,type_69,1967682200,1,1277,-664.04,RUB
Instax Shop,39731591-1014-1,2026-09-15,29,type_29,2980607848,1,,-9.19,RUB
Instax Shop,39731591-1014-1,2026-09-15,69,type_69,2980607848,1,1277,-664.04,RUB
Instax Shop,39731591-1014-1,2026-09-15,74,type_74,2980607848,1,,-19.16,RUB
Instax Shop,39731591-1014-1,2026-09-15,32,type_32,2980607848,1,,-76,RUB
Instax Shop,0180611737-0027-1,2026-09-18,74,type_74,2078708952,1,,-19.16,RUB
Instax Shop,0180611737-0027-1,2026-09-18,69,type_69,2078708952,1,1277,-600.19,RUB
Instax Shop,0180611737-0027-1,2026-09-18,32,type_32,2078708952,1,,-74,RUB
Instax Shop,0180611737-0027-1,2026-09-18,29,type_29,2078708952,1,,-7.82,RUB
Instax Shop,43272455-0385-13,2026-09-15,69,type_69,2090798532,1,547,-284.44,RUB
Instax Shop,43272455-0385-13,2026-09-15,74,type_74,2090798532,1,,-8.21,RUB
Instax Shop,43272455-0385-13,2026-09-15,32,type_32,2090798532,1,,-65,RUB
Instax Shop,43272455-0385-15,2026-09-15,69,type_69,2090798532,1,547,-284.44,RUB
Instax Shop,43272455-0385-15,2026-09-15,74,type_74,2090798532,1,,-8.21,RUB
Instax Shop,43272455-0385-15,2026-09-15,32,type_32,2090798532,1,,-65,RUB
Instax Shop,0101869117-0385-1,2026-09-16,32,type_32,2078708952,1,,-65,RUB
Instax Shop,0101869117-0385-1,2026-09-16,69,type_69,2078708952,1,1277,-600.19,RUB
Instax Shop,0101869117-0385-1,2026-09-16,29,type_29,2078708952,1,,-11.73,RUB
Instax Shop,0101869117-0385-1,2026-09-16,74,type_74,2078708952,1,,-19.16,RUB
Instax Shop,46012998-0059-1,2026-09-15,32,type_32,1281298623,1,,-76,RUB
Instax Shop,46012998-0059-1,2026-09-15,74,type_74,1281298623,1,,-19.16,RUB
Instax Shop,46012998-0059-1,2026-09-15,29,type_29,1281298623,1,,-13.58,RUB
Instax Shop,46012998-0059-1,2026-09-15,69,type_69,1281298623,1,1277,-664.04,RUB
Instax Shop,0150845075-0009-1,2026-09-16,32,type_32,1854586842,1,,-76,RUB
Instax Shop,0150845075-0009-1,2026-09-16,74,type_74,1854586842,1,,-14.21,RUB
Instax Shop,0150845075-0009-1,2026-09-16,29,type_29,1854586842,1,,-10.17,RUB
Instax Shop,0150845075-0009-1,2026-09-16,69,type_69,1854586842,1,947,-492.44,RUB
Instax Shop,31210286-0307-5,2026-09-19,45,type_45,2078708952,1,,-15,RUB
Instax Shop,31210286-0307-5,2026-09-19,59,type_59,2078708952,1,,-56,RUB
Instax Shop,31210286-0307-5,2026-09-19,32,type_32,2078708952,1,,-76,RUB
Instax Shop,31210286-0307-5,2026-09-19,29,type_29,2078708952,1,,-9.77,RUB
Instax Shop,44676517-0556-1,2026-09-15,29,type_29,1967682223,1,,-7.84,RUB
Instax Shop,44676517-0556-1,2026-09-15,32,type_32,1967682223,1,,-65,RUB
Instax Shop,44676517-0556-1,2026-09-15,74,type_74,1967682223,1,,-19.16,RUB
Instax Shop,44676517-0556-1,2026-09-15,69,type_69,1967682223,1,1277,-664.04,RUB
Instax Shop,31084403-0096-2,2026-09-17,32,type_32,2082847117,1,,-68,RUB
Instax Shop,31084403-0096-2,2026-09-17,69,type_69,2082847117,1,1277,-664.04,RUB
Instax Shop,31084403-0096-2,2026-09-17,29,type_29,2082847117,1,,-6.74,RUB
Instax Shop,31084403-0096-2,2026-09-17,74,type_74,2082847117,1,,-19.16,RUB
Instax Shop,72361723-0310-1,2026-09-17,32,type_32,1281298623,1,,-112,RUB
Instax Shop,72361723-0310-1,2026-09-17,74,type_74,1281298623,1,,-19.16,RUB
Instax Shop,72361723-0310-1,2026-09-17,69,type_69,1281298623,1,1277,-664.04,RUB
Instax Shop,72361723-0310-1,2026-09-17,29,type_29,1281298623,1,,-14.01,RUB
Instax Shop,80608173-0030-1,2026-09-17,32,type_32,1281298623,1,,-76,RUB
Instax Shop,80608173-0030-1,2026-09-17,29,type_29,1281298623,1,,-11.3,RUB
Instax Shop,80608173-0030-1,2026-09-17,74,type_74,1281298623,1,,-19.16,RUB
Instax Shop,80608173-0030-1,2026-09-17,69,type_69,1281298623,1,1277,-664.04,RUB
Instax Shop,0185527230-0009-1,2026-09-17,74,type_74,2090798532,1,,-8.21,RUB
Instax Shop,0185527230-0009-1,2026-09-17,32,type_32,2090798532,1,,-87,RUB
Instax Shop,0185527230-0009-1,2026-09-17,69,type_69,2090798532,1,547,-284.44,RUB
Instax Shop,0185527230-0009-1,2026-09-17,29,type_29,2090798532,1,,-7.84,RUB
Instax Shop,74910670-0050-1,2026-09-16,29,type_29,1281298623,1,,-7.58,RUB
Instax Shop,74910670-0050-1,2026-09-16,32,type_32,1281298623,1,,-70,RUB
Instax Shop,74910670-0050-1,2026-09-16,69,type_69,1281298623,1,1277,-664.04,RUB
Instax Shop,74910670-0050-1,2026-09-16,74,type_74,1281298623,1,,-19.16,RUB
Instax Shop,33178933-0850-2,2026-09-17,59,type_59,758898715,1,,-69,RUB
Instax Shop,33178933-0850-2,2026-09-17,32,type_32,758898715,1,,-72,RUB
Instax Shop,33178933-0850-2,2026-09-17,29,type_29,758898715,1,,-8.16,RUB
Instax Shop,33178933-0852-1,2026-09-19,39,type_39,758898715,1,,-10,RUB
Instax Shop,33178933-0852-1,2026-09-19,38,type_38,758898715,1,,-5,RUB
Instax Shop,09881914-0775-1,2026-09-17,69,type_69,1281298623,1,1277,-664.04,RUB
Instax Shop,09881914-0775-1,2026-09-17,74,type_74,1281298623,1,,-19.16,RUB
Instax Shop,09881914-0775-1,2026-09-17,29,type_29,1281298623,1,,-25,RUB
Instax Shop,09881914-0775-1,2026-09-17,32,type_32,1281298623,1,,-58,RUB
Instax Shop,68498287-0130-1,2026-09-17,69,type_69,2980607848,1,1277,-664.04,RUB
Instax Shop,68498287-0130-1,2026-09-17,74,type_74,2980607848,1,,-19.16,RUB
Instax Shop,68498287-0130-1,2026-09-17,29,type_29,2980607848,1,,-10.81,RUB
Instax Shop,68498287-0130-1,2026-09-17,32,type_32,2980607848,1,,-76,RUB
Instax Shop,32699423-0374-1,2026-09-17,69,type_69,2082847183,1,1277,-664.04,RUB
Instax Shop,32699423-0374-1,2026-09-17,74,type_74,2082847183,1,,-19.16,RUB
Instax Shop,32699423-0374-1,2026-09-17,29,type_29,2082847183,1,,-12.29,RUB
Instax Shop,32699423-0374-1,2026-09-17,32,type_32,2082847183,1,,-76,RUB
Instax Shop,18547805-0092-1,2026-09-18,74,type_74,1281298623,1,,-19.16,RUB
Instax Shop,18547805-0092-1,2026-09-18,69,type_69,1281298623,1,1277,-664.04,RUB
Instax Shop,18547805-0092-1,2026-09-18,29,type_29,1281298623,1,,-7.62,RUB
Instax Shop,18547805-0092-1,2026-09-18,32,type_32,1281298623,1,,-65,RUB
Instax Shop,65119640-0232-1,2026-09-17,69,type_69,2980607875,1,1277,-664.04,RUB
Instax Shop,65119640-0232-1,2026-09-17,29,type_29,2980607875,1,,-8.31,RUB
Instax Shop,65119640-0232-1,2026-09-17,32,type_32,2980607875,1,,-65,RUB
Instax Shop,65119640-0232-1,2026-09-17,74,type_74,2980607875,1,,-19.16,RUB
Instax Shop,0101878121-0066-1,2026-09-17,32,type_32,1393792471,1,,-72,RUB
Instax Shop,0101878121-0066-1,2026-09-17,69,type_69,1393792471,1,1277,-664.04,RUB
Instax Shop,0101878121-0066-1,2026-09-17,29,type_29,1393792471,1,,-6.12,RUB
Instax Shop,0101878121-0066-1,2026-09-17,74,type_74,1393792471,1,,-19.16,RUB
Instax Shop,32030137-0997-2,2026-09-16,32,type_32,2980607848,1,,-65,RUB
Instax Shop,32030137-0997-2,2026-09-16,98,type_98,2980607848,1,,-25,RUB
Instax Shop,32030137-0997-2,2026-09-16,74,type_74,2980607848,1,,-19.16,RUB
Instax Shop,32030137-0997-2,2026-09-16,69,type_69,2980607848,1,1277,-664.04,RUB
Instax Shop,65119640-0233-1,2026-09-17,69,type_69,2980608115,1,1277,-664.04,RUB
Instax Shop,65119640-0233-1,2026-09-17,32,type_32,2980608115,1,,-76,RUB
Instax Shop,65119640-0233-1,2026-09-17,29,type_29,2980608115,1,,-8.27,RUB
Instax Shop,65119640-0233-1,2026-09-17,74,type_74,2980608115,1,,-19.16,RUB
Instax Shop,19750512-1330-1,2026-09-17,74,type_74,1393792471,1,,-19.16,RUB
Instax Shop,19750512-1330-1,2026-09-17,69,type_69,1393792471,1,1277,-664.04,RUB
Instax Shop,19750512-1330-1,2026-09-17,29,type_29,1393792471,1,,-7.87,RUB
Instax Shop,19750512-1330-1,2026-09-17,32,type_32,1393792471,1,,-60,RUB
Instax Shop,23859856-0123-2,2026-09-16,69,type_69,908818342,1,1047,-544.44,RUB
Instax Shop,23859856-0123-2,2026-09-16,32,type_32,908818342,1,,-76,RUB
Instax Shop,23859856-0123-2,2026-09-16,29,type_29,908818342,1,,-8.04,RUB
Instax Shop,23859856-0123-2,2026-09-16,74,type_74,908818342,1,,-15.71,RUB
Instax Shop,17317693-0241-3,2026-09-18,69,type_69,3535279876,1,128,-29.44,RUB
Instax Shop,17317693-0241-3,2026-09-18,32,type_32,3535279876,1,,-19.32,RUB
Instax Shop,17317693-0241-3,2026-09-18,74,type_74,3535279876,1,,-1.92,RUB
Instax Shop,17317693-0241-11,2026-09-18,32,type_32,3535279876,1,,-19.32,RUB
Instax Shop,17317693-0241-11,2026-09-18,74,type_74,3535279876,1,,-1.92,RUB
Instax Shop,17317693-0241-11,2026-09-18,69,type_69,3535279876,1,128,-29.44,RUB
Instax Shop,0146996152-0120-1,2026-09-16,74,type_74,2082848101,1,,-19.16,RUB
Instax Shop,0146996152-0120-1,2026-09-16,32,type_32,2082848101,1,,-65,RUB
Instax Shop,0146996152-0120-1,2026-09-16,69,type_69,2082848101,1,1277,-664.04,RUB
Instax Shop,0146996152-0120-1,2026-09-16,29,type_29,2082848101,1,,-8.85,RUB
Instax Shop,0145266357-0035-1,2026-09-17,74,type_74,2078708952,1,,-19.16,RUB
Instax Shop,0145266357-0035-1,2026-09-17,98,type_98,2078708952,1,,-25,RUB
Instax Shop,0145266357-0035-1,2026-09-17,32,type_32,2078708952,1,,-62,RUB
Instax Shop,0137879533-0028-2,2026-09-16,32,type_32,758898715,1,,-76,RUB
Instax Shop,0137879533-0028-2,2026-09-16,74,type_74,758898715,1,,-19.16,RUB
Instax Shop,0137879533-0028-2,2026-09-16,29,type_29,758898715,1,,-8.42,RUB
Instax Shop,0137879533-0028-2,2026-09-16,69,type_69,758898715,1,1277,-664.04,RUB
Instax Shop,43058674-0680-1,2026-09-18,29,type_29,1281295474,1,,-8.49,RUB
Instax Shop,43058674-0680-1,2026-09-18,74,type_74,1281295474,1,,-19.16,RUB
Instax Shop,43058674-0680-1,2026-09-18,69,type_69,1281295474,1,1277,-664.04,RUB
Instax Shop,43058674-0680-1,2026-09-18,32,type_32,1281295474,1,,-71,RUB
Instax Shop,96506562-0474-1,2026-09-19,32,type_32,2980607875,1,,-62,RUB
Instax Shop,96506562-0474-1,2026-09-19,98,type_98,2980607875,1,,-25,RUB
Instax Shop,96506562-0474-1,2026-09-19,74,type_74,2980607875,1,,-19.16,RUB
Instax Shop,96506562-0474-1,2026-09-19,69,type_69,2980607875,1,1277,-664.04,RUB
Instax Shop,0151044720-0128-5,2026-09-16,32,type_32,1393792471,1,,-59,RUB
Instax Shop,0151044720-0128-5,2026-09-16,29,type_29,1393792471,1,,-7.58,RUB
Instax Shop,0151044720-0128-5,2026-09-16,74,type_74,1393792471,1,,-19.16,RUB
Instax Shop,0151044720-0128-5,2026-09-16,69,type_69,1393792471,1,1277,-664.04,RUB
Instax Shop,82668305-0132-1,2026-09-18,69,type_69,3534921158,1,1277,-600.19,RUB
Instax Shop,82668305-0132-1,2026-09-18,74,type_74,3534921158,1,,-19.16,RUB
Instax Shop,82668305-0132-1,2026-09-18,29,type_29,3534921158,1,,-7.24,RUB
Instax Shop,82668305-0132-1,2026-09-18,32,type_32,3534921158,1,,-69,RUB
Instax Shop,0143167308-0175-1,2026-09-18,59,type_59,1281295474,1,,-56,RUB
Instax Shop,0143167308-0175-1,2026-09-18,32,type_32,1281295474,1,,-57,RUB
Instax Shop,0144230200-0090-1,2026-09-18,32,type_32,2980607875,1,,-65,RUB
Instax Shop,0144230200-0090-1,2026-09-18,74,type_74,2980607875,1,,-19.16,RUB
Instax Shop,0144230200-0090-1,2026-09-18,29,type_29,2980607875,1,,-9.08,RUB
Instax Shop,0144230200-0090-1,2026-09-18,69,type_69,2980607875,1,1277,-664.04,RUB
Instax Shop,0153060935-0295-1,2026-09-19,74,type_74,1967682092,1,,-19.16,RUB
Instax Shop,0153060935-0295-1,2026-09-19,98,type_98,1967682092,1,,-25,RUB
Instax Shop,0153060935-0295-1,2026-09-19,32,type_32,1967682092,1,,-107,RUB
Instax Shop,0153060935-0295-1,2026-09-19,69,type_69,1967682092,1,1277,-664.04,RUB
Instax Shop,38588119-1241-1,2026-09-18,32,type_32,3534921158,1,,-69,RUB
Instax Shop,38588119-1241-1,2026-09-18,74,type_74,3534921158,1,,-19.16,RUB
Instax Shop,38588119-1241-1,2026-09-18,69,type_69,3534921158,1,1277,-600.19,RUB
Instax Shop,38588119-1241-1,2026-09-18,29,type_29,3534921158,1,,-11.68,RUB
Instax Shop,0111231629-0030-1,2026-09-18,74,type_74,2090798474,1,,-8.21,RUB
Instax Shop,0111231629-0030-1,2026-09-18,69,type_69,2090798474,1,547,-284.44,RUB
Instax Shop,0111231629-0030-1,2026-09-18,32,type_32,2090798474,1,,-68,RUB
Instax Shop,0111231629-0030-1,2026-09-18,29,type_29,2090798474,1,,-8.5,RUB
Instax Shop,96844660-0035-1,2026-09-16,32,type_32,2078708952,1,,-65,RUB
Instax Shop,96844660-0035-1,2026-09-16,69,type_69,2078708952,1,1277,-600.19,RUB
Instax Shop,96844660-0035-1,2026-09-16,29,type_29,2078708952,1,,-8.46,RUB
Instax Shop,96844660-0035-1,2026-09-16,74,type_74,2078708952,1,,-19.16,RUB
Instax Shop,46647756-0277-1,2026-09-18,29,type_29,758898715,1,,-7.74,RUB
Instax Shop,46647756-0277-1,2026-09-18,74,type_74,758898715,1,,-19.16,RUB
Instax Shop,46647756-0277-1,2026-09-18,69,type_69,758898715,1,1277,-664.04,RUB
Instax Shop,46647756-0277-1,2026-09-18,32,type_32,758898715,1,,-72,RUB
Instax Shop,51868478-0070-2,2026-09-18,32,type_32,908818342,1,,-76,RUB
Instax Shop,51868478-0070-2,2026-09-18,29,type_29,908818342,1,,-10.48,RUB
Instax Shop,51868478-0070-2,2026-09-18,45,type_45,908818342,1,,-15,RUB
Instax Shop,51868478-0070-2,2026-09-18,59,type_59,908818342,1,,-76,RUB
Instax Shop,37534003-0251-3,2026-09-19,69,type_69,1854586926,1,947,-492.44,RUB
Instax Shop,37534003-0251-3,2026-09-19,29,type_29,1854586926,1,,-6.33,RUB
Instax Shop,37534003-0251-3,2026-09-19,32,type_32,1854586926,1,,-65,RUB
Instax Shop,37534003-0251-3,2026-09-19,74,type_74,1854586926,1,,-14.21,RUB
Instax Shop,0108576272-0008-1,2026-09-19,74,type_74,1393792471,1,,-19.16,RUB
Instax Shop,0108576272-0008-1,2026-09-19,69,type_69,1393792471,1,1277,-664.04,RUB
Instax Shop,0108576272-0008-1,2026-09-19,29,type_29,1393792471,1,,-10.98,RUB
Instax Shop,0108576272-0008-1,2026-09-19,32,type_32,1393792471,1,,-112,RUB
Instax Shop,88179086-0357-1,2026-09-19,74,type_74,2980607848,1,,-19.16,RUB
Instax Shop,88179086-0357-1,2026-09-19,69,type_69,2980607848,1,1277,-664.04,RUB
Instax Shop,88179086-0357-1,2026-09-19,32,type_32,2980607848,1,,-72,RUB
Instax Shop,88179086-0357-1,2026-09-19,29,type_29,2980607848,1,,-7.32,RUB
Instax Shop,90003177-0050-1,2026-09-17,69,type_69,2980607848,1,1277,-664.04,RUB
Instax Shop,90003177-0050-1,2026-09-17,32,type_32,2980607848,1,,-76,RUB
Instax Shop,90003177-0050-1,2026-09-17,29,type_29,2980607848,1,,-11.67,RUB
Instax Shop,90003177-0050-1,2026-09-17,74,type_74,2980607848,1,,-19.16,RUB
Instax Shop,0142678673-0245-1,2026-09-18,39,type_39,2090798474,1,,-10,RUB
Instax Shop,0142678673-0245-1,2026-09-18,38,type_38,2090798474,1,,-5,RUB
Instax Shop,0142678673-0245-3,2026-09-18,32,type_32,2090798502,1,,-61,RUB
Instax Shop,0142678673-0245-3,2026-09-18,29,type_29,2090798502,1,,-7.12,RUB
Instax Shop,0142678673-0245-3,2026-09-18,74,type_74,2090798502,1,,-8.21,RUB
Instax Shop,0142678673-0245-3,2026-09-18,69,type_69,2090798502,1,547,-284.44,RUB
Instax Shop,0139040297-0308-1,2026-09-19,32,type_32,2980607875,1,,-60,RUB
Instax Shop,0139040297-0308-1,2026-09-19,29,type_29,2980607875,1,,-9.5,RUB
Instax Shop,0139040297-0308-1,2026-09-19,74,type_74,2980607875,1,,-19.16,RUB
Instax Shop,0139040297-0308-1,2026-09-19,69,type_69,2980607875,1,1277,-664.04,RUB
Instax Shop,20723227-0237-2,2026-09-18,29,type_29,1281298623,1,,-11.27,RUB
Instax Shop,20723227-0237-2,2026-09-18,69,type_69,1281298623,1,1277,-664.04,RUB
Instax Shop,20723227-0237-2,2026-09-18,32,type_32,1281298623,1,,-59,RUB
Instax Shop,20723227-0237-2,2026-09-18,74,type_74,1281298623,1,,-19.16,RUB
Instax Shop,0117363017-1970-1,2026-09-17,32,type_32,1967682200,1,,-59,RUB
Instax Shop,0117363017-1970-1,2026-09-17,74,type_74,1967682200,1,,-19.16,RUB
Instax Shop,0117363017-1970-1,2026-09-17,69,type_69,1967682200,1,1277,-664.04,RUB
Instax Shop,0117363017-1970-1,2026-09-17,98,type_98,1967682200,1,,-25,RUB
Instax Shop,0108459435-0053-1,2026-09-18,32,type_32,1393784711,1,,-70,RUB
Instax Shop,0108459435-0053-1,2026-09-18,69,type_69,1393784711,1,1277,-664.04,RUB
Instax Shop,0108459435-0053-1,2026-09-18,29,type_29,1393784711,1,,-6.02,RUB
Instax Shop,0108459435-0053-1,2026-09-18,74,type_74,1393784711,1,,-19.16,RUB
Instax Shop,36642870-0326-1,2026-09-17,29,type_29,1281292708,1,,-9.35,RUB
Instax Shop,36642870-0326-1,2026-09-17,74,type_74,1281292708,1,,-19.16,RUB
Instax Shop,36642870-0326-1,2026-09-17,69,type_69,1281292708,1,1277,-664.04,RUB
Instax Shop,36642870-0326-1,2026-09-17,32,type_32,1281292708,1,,-65,RUB
Instax Shop,36642870-0326-2,2026-09-17,29,type_29,1393855629,1,,-9.35,RUB
Instax Shop,36642870-0326-2,2026-09-17,74,type_74,1393855629,1,,-18.12,RUB
Instax Shop,36642870-0326-2,2026-09-17,32,type_32,1393855629,1,,-65,RUB
Instax Shop,36642870-0326-2,2026-09-17,69,type_69,1393855629,1,1208,-628.16,RUB
Instax Shop,06554112-0314-1,2026-09-18,29,type_29,1281292708,1,,-11.05,RUB
Instax Shop,06554112-0314-1,2026-09-18,69,type_69,1281292708,1,1277,-664.04,RUB
Instax Shop,06554112-0314-1,2026-09-18,69,type_69,1281292708,1,-1277,664.04,RUB
Instax Shop,06554112-0314-1,2026-09-19,38,type_38,1281292708,1,,-5,RUB
Instax Shop,06554112-0314-1,2026-09-19,39,type_39,1281292708,1,,-10,RUB
Instax Shop,06554112-0314-1,2026-09-18,74,type_74,1281292708,1,,-19.16,RUB
Instax Shop,06554112-0314-1,2026-09-18,32,type_32,1281292708,1,,-76,RUB
Instax Shop,0194074475-0260-1,2026-09-18,69,type_69,1857076926,1,777,-404.04,RUB
Instax Shop,0194074475-0260-1,2026-09-18,74,type_74,1857076926,1,,-11.66,RUB
Instax Shop,0194074475-0260-1,2026-09-18,29,type_29,1857076926,1,,-8.35,RUB
Instax Shop,0194074475-0260-1,2026-09-18,32,type_32,1857076926,1,,-77,RUB
Instax Shop,72614639-0079-3,2026-09-18,32,type_32,908818342,1,,-68,RUB
Instax Shop,72614639-0079-3,2026-09-18,69,type_69,908818342,1,1047,-544.44,RUB
Instax Shop,72614639-0079-3,2026-09-18,74,type_74,908818342,1,,-15.71,RUB
Instax Shop,72614639-0079-3,2026-09-18,29,type_29,908818342,1,,-7.36,RUB
Instax Shop,28723615-0652-1,2026-09-17,32,type_32,2086979848,1,,-65,RUB
Instax Shop,28723615-0652-1,2026-09-17,29,type_29,2086979848,1,,-8.41,RUB
Instax Shop,28723615-0652-1,2026-09-17,74,type_74,2086979848,1,,-16.16,RUB
Instax Shop,28723615-0652-1,2026-09-17,69,type_69,2086979848,1,1077,-560.04,RUB
Instax Shop,32752681-0173-1,2026-09-18,29,type_29,1393792471,1,,-10.68,RUB
Instax Shop,32752681-0173-1,2026-09-18,69,type_69,1393792471,1,1277,-664.04,RUB
Instax Shop,32752681-0173-1,2026-09-18,74,type_74,1393792471,1,,-19.16,RUB
Instax Shop,32752681-0173-1,2026-09-18,32,type_32,1393792471,1,,-65,RUB
Instax Shop,0150653715-0009-2,2026-09-17,69,type_69,1854586926,1,947,-492.44,RUB
Instax Shop,0150653715-0009-2,2026-09-17,74,type_74,1854586926,1,,-14.21,RUB
Instax Shop,0150653715-0009-2,2026-09-17,29,type_29,1854586926,1,,-7.67,RUB
Instax Shop,0150653715-0009-2,2026-09-17,32,type_32,1854586926,1,,-68,RUB
Instax Shop,0160563272-0072-1,2026-09-19,32,type_32,1393797856,1,,-87,RUB
Instax Shop,0160563272-0072-1,2026-09-19,74,type_74,1393797856,1,,-19.16,RUB
Instax Shop,0160563272-0072-1,2026-09-19,29,type_29,1393797856,1,,-20.98,RUB
Instax Shop,0160563272-0072-1,2026-09-19,69,type_69,1393797856,1,1277,-664.04,RUB
Instax Shop,37118390-0372-2,2026-09-19,69,type_69,2082847183,1,1277,-664.04,RUB
Instax Shop,37118390-0372-2,2026-09-19,32,type_32,2082847183,1,,-76,RUB
Instax Shop,37118390-0372-2,2026-09-19,29,type_29,2082847183,1,,-12.34,RUB
Instax Shop,37118390-0372-2,2026-09-19,74,type_74,2082847183,1,,-19.16,RUB
Instax Shop,0249934238-0007-1,2026-09-18,39,type_39,1281295474,1,,-10,RUB
Instax Shop,0249934238-0007-1,2026-09-18,38,type_38,1281295474,1,,-5,RUB
Instax Shop,04516973-0334-1,2026-09-19,69,type_69,2090798532,1,547,-284.44,RUB
Instax Shop,04516973-0334-1,2026-09-19,74,type_74,2090798532,1,,-8.21,RUB
Instax Shop,04516973-0334-1,2026-09-19,29,type_29,2090798532,1,,-7.74,RUB
Instax Shop,04516973-0334-1,2026-09-19,32,type_32,2090798532,1,,-68,RUB
Instax Shop,31470269-0511-1,2026-09-18,74,type_74,2078708952,1,,-19.16,RUB
Instax Shop,31470269-0511-1,2026-09-18,69,type_69,2078708952,1,1277,-600.19,RUB
Instax Shop,31470269-0511-1,2026-09-18,32,type_32,2078708952,1,,-65,RUB
Instax Shop,31470269-0511-1,2026-09-18,29,type_29,2078708952,1,,-8.61,RUB
Instax Shop,47478836-0206-1,2026-09-18,69,type_69,758898715,1,1277,-664.04,RUB
Instax Shop,47478836-0206-1,2026-09-18,74,type_74,758898715,1,,-19.16,RUB
Instax Shop,47478836-0206-1,2026-09-18,29,type_29,758898715,1,,-6.86,RUB
Instax Shop,47478836-0206-1,2026-09-18,32,type_32,758898715,1,,-65,RUB
Instax Shop,0162818532-1087-1,2026-09-18,38,type_38,3534921158,1,,-5,RUB
Instax Shop,0162818532-1087-1,2026-09-18,39,type_39,3534921158,1,,-10,RUB
Instax Shop,0122863492-0348-1,2026-09-19,59,type_59,1281298623,1,,-56,RUB
Instax Shop,0122863492-0348-1,2026-09-17,69,type_69,1281298623,1,-1277,664.04,RUB
Instax Shop,0122863492-0348-1,2026-09-17,29,type_29,1281298623,1,,-5.94,RUB
Instax Shop,0122863492-0348-1,2026-09-17,32,type_32,1281298623,1,,-57,RUB
Instax Shop,0122863492-0348-1,2026-09-17,69,type_69,1281298623,1,1277,-664.04,RUB
Instax Shop,0122863492-0348-1,2026-09-19,45,type_45,1281298623,1,,-15,RUB
Instax Shop,0122863492-0348-1,2026-09-17,74,type_74,1281298623,1,,-19.16,RUB
Instax Shop,39736018-0345-1,2026-09-18,74,type_74,3534921158,1,,-19.16,RUB
Instax Shop,39736018-0345-1,2026-09-18,29,type_29,3534921158,1,,-6.61,RUB
Instax Shop,39736018-0345-1,2026-09-18,32,type_32,3534921158,1,,-76,RUB
Instax Shop,39736018-0345-1,2026-09-18,69,type_69,3534921158,1,1277,-600.19,RUB
Instax Shop,29069968-0105-3,2026-09-17,74,type_74,2396423754,1,,-19.16,RUB
Instax Shop,29069968-0105-3,2026-09-17,69,type_69,2396423754,1,1277,-664.04,RUB
Instax Shop,29069968-0105-3,2026-09-17,32,type_32,2396423754,1,,-84,RUB
Instax Shop,29069968-0105-3,2026-09-17,29,type_29,2396423754,1,,-9.35,RUB
Instax Shop,44949666-0077-1,2026-09-19,69,type_69,2082848101,1,1277,-664.04,RUB
Instax Shop,44949666-0077-1,2026-09-19,32,type_32,2082848101,1,,-61,RUB
Instax Shop,44949666-0077-1,2026-09-19,29,type_29,2082848101,1,,-7.43,RUB
Instax Shop,44949666-0077-1,2026-09-19,74,type_74,2082848101,1,,-19.16,RUB
Instax Shop,0204642243-0007-4,2026-09-17,32,type_32,2078708952,1,,-76,RUB
Instax Shop,0204642243-0007-4,2026-09-17,74,type_74,2078708952,1,,-19.16,RUB
Instax Shop,0204642243-0007-4,2026-09-17,29,type_29,2078708952,1,,-8.8,RUB
Instax Shop,0204642243-0007-4,2026-09-17,69,type_69,2078708952,1,1277,-600.19,RUB
Instax Shop,0214675771-0106-27,2026-09-19,29,type_29,908818342,1,,-8.99,RUB
Instax Shop,0214675771-0106-27,2026-09-19,32,type_32,908818342,1,,-65,RUB
Instax Shop,0214675771-0106-27,2026-09-19,69,type_69,908818342,1,1097,-570.44,RUB
Instax Shop,0214675771-0106-27,2026-09-19,74,type_74,908818342,1,,-16.46,RUB
Instax Shop,68956087-0012-1,2026-09-18,69,type_69,1967682200,1,1277,-664.04,RUB
Instax Shop,68956087-0012-1,2026-09-18,74,type_74,1967682200,1,,-19.16,RUB
Instax Shop,68956087-0012-1,2026-09-18,29,type_29,1967682200,1,,-6.29,RUB
Instax Shop,68956087-0012-1,2026-09-18,32,type_32,1967682200,1,,-57,RUB
Instax Shop,68956087-0012-5,2026-09-18,69,type_69,1967682262,1,1277,-664.04,RUB
Instax Shop,68956087-0012-5,2026-09-18,74,type_74,1967682262,1,,-19.16,RUB
Instax Shop,68956087-0012-5,2026-09-18,29,type_29,1967682262,1,,-6.14,RUB
Instax Shop,68956087-0012-5,2026-09-18,32,type_32,1967682262,1,,-65,RUB
Instax Shop,51440738-0127-1,2026-09-19,74,type_74,4893687016,1,,-19.16,RUB
Instax Shop,51440738-0127-1,2026-09-19,32,type_32,4893687016,1,,-80,RUB
Instax Shop,51440738-0127-1,2026-09-19,69,type_69,4893687016,1,1277,-600.19,RUB
Instax Shop,51440738-0127-1,2026-09-19,29,type_29,4893687016,1,,-9.49,RUB
Instax Shop,71202866-0508-1,2026-09-19,59,type_59,1857077028,1,,-70,RUB
Instax Shop,71202866-0508-1,2026-09-19,45,type_45,1857077028,1,,-15,RUB
Instax Shop,71202866-0508-1,2026-09-19,29,type_29,1857077028,1,,-7.35,RUB
Instax Shop,71202866-0508-1,2026-09-19,32,type_32,1857077028,1,,-70,RUB
Instax Shop,21427456-0425-2,2026-09-19,29,type_29,2980607875,1,,-13.14,RUB
Instax Shop,21427456-0425-2,2026-09-19,69,type_69,2980607875,1,1277,-664.04,RUB
Instax Shop,21427456-0425-2,2026-09-19,32,type_32,2980607875,1,,-65,RUB
Instax Shop,21427456-0425-2,2026-09-19,74,type_74,2980607875,1,,-19.16,RUB
Instax Shop,09005456-0116-1,2026-09-18,69,type_69,1283107014,1,777,-404.04,RUB
Instax Shop,09005456-0116-1,2026-09-18,32,type_32,1283107014,1,,-84,RUB
Instax Shop,09005456-0116-1,2026-09-18,29,type_29,1283107014,1,,-10.12,RUB
Instax Shop,09005456-0116-1,2026-09-18,74,type_74,1283107014,1,,-11.66,RUB
Instax Shop,39431742-0294-1,2026-09-17,32,type_32,1281292708,1,,-76,RUB
Instax Shop,39431742-0294-1,2026-09-17,29,type_29,1281292708,1,,-13.65,RUB
Instax Shop,39431742-0294-1,2026-09-17,74,type_74,1281292708,1,,-19.16,RUB
Instax Shop,39431742-0294-1,2026-09-17,69,type_69,1281292708,1,1277,-664.04,RUB
Instax Shop,0152410366-0013-1,2026-09-18,29,type_29,2090798474,1,,-7.88,RUB
Instax Shop,0152410366-0013-1,2026-09-18,69,type_69,2090798474,1,617,-320.84,RUB
Instax Shop,0152410366-0013-1,2026-09-18,32,type_32,2090798474,1,,-65,RUB
Instax Shop,0152410366-0013-1,2026-09-18,74,type_74,2090798474,1,,-9.26,RUB
Instax Shop,46840727-0561-1,2026-09-19,74,type_74,1854586926,1,,-14.21,RUB
Instax Shop,46840727-0561-1,2026-09-19,69,type_69,1854586926,1,947,-492.44,RUB
Instax Shop,46840727-0561-1,2026-09-19,32,type_32,1854586926,1,,-76,RUB
Instax Shop,46840727-0561-1,2026-09-19,29,type_29,1854586926,1,,-7.71,RUB
Instax Shop,0191190280-0059-1,2026-09-18,32,type_32,1393797856,1,,-68,RUB
Instax Shop,0191190280-0059-1,2026-09-18,69,type_69,1393797856,1,1277,-664.04,RUB
Instax Shop,0191190280-0059-1,2026-09-18,74,type_74,1393797856,1,,-19.16,RUB
Instax Shop,0191190280-0059-1,2026-09-18,29,type_29,1393797856,1,,-8.99,RUB
Instax Shop,76966661-0060-1,2026-09-18,69,type_69,2078708952,1,1277,-600.19,RUB
Instax Shop,76966661-0060-1,2026-09-18,29,type_29,2078708952,1,,-6.9,RUB
Instax Shop,76966661-0060-1,2026-09-18,74,type_74,2078708952,1,,-19.16,RUB
Instax Shop,76966661-0060-1,2026-09-18,32,type_32,2078708952,1,,-74,RUB
Instax Shop,0164037647-0125-1,2026-09-18,74,type_74,908829218,1,,-9.65,RUB
Instax Shop,0164037647-0125-1,2026-09-18,69,type_69,908829218,1,643,-334.36,RUB
Instax Shop,0164037647-0125-1,2026-09-18,32,type_32,908829218,1,,-71,RUB
Instax Shop,0164037647-0125-1,2026-09-18,29,type_29,908829218,1,,-13.87,RUB
Instax Shop,82916772-0484-1,2026-09-19,69,type_69,2396423754,1,1277,-664.04,RUB
Instax Shop,82916772-0484-1,2026-09-19,29,type_29,2396423754,1,,-6.64,RUB
Instax Shop,82916772-0484-1,2026-09-19,74,type_74,2396423754,1,,-19.16,RUB
Instax Shop,82916772-0484-1,2026-09-19,69,type_69,2396423754,1,-1277,664.04,RUB
Instax Shop,82916772-0484-1,2026-09-19,32,type_32,2396423754,1,,-77,RUB
Instax Shop,0147205942-0091-2,2026-09-19,74,type_74,1281295474,1,,-19.16,RUB
Instax Shop,0147205942-0091-2,2026-09-19,69,type_69,1281295474,1,1277,-664.04,RUB
Instax Shop,0147205942-0091-2,2026-09-19,32,type_32,1281295474,1,,-59,RUB
Instax Shop,0147205942-0091-2,2026-09-19,29,type_29,1281295474,1,,-16.75,RUB
Instax Shop,34925872-0033-1,2026-09-18,32,type_32,1393797856,1,,-60,RUB
Instax Shop,34925872-0033-1,2026-09-18,29,type_29,1393797856,1,,-12.49,RUB
Instax Shop,34925872-0033-1,2026-09-18,59,type_59,1393797856,1,,-60,RUB
Instax Shop,0178326694-0027-1,2026-09-18,69,type_69,1281295474,1,-1277,664.04,RUB
Instax Shop,0178326694-0027-1,2026-09-17,74,type_74,1281295474,1,,-19.16,RUB
Instax Shop,0178326694-0027-1,2026-09-18,39,type_39,1281295474,1,,-10,RUB
Instax Shop,0178326694-0027-1,2026-09-18,38,type_38,1281295474,1,,-5,RUB
Instax Shop,0178326694-0027-1,2026-09-17,29,type_29,1281295474,1,,-6.8,RUB
Instax Shop,0178326694-0027-1,2026-09-17,32,type_32,1281295474,1,,-59,RUB
Instax Shop,0178326694-0027-1,2026-09-17,69,type_69,1281295474,1,1277,-664.04,RUB
Instax Shop,0178326694-0027-1,2026-09-19,59,type_59,1281295474,1,,-59,RUB
Instax Shop,0178326694-0027-1,2026-09-19,45,type_45,1281295474,1,,-15,RUB
Instax Shop,31157638-0477-2,2026-09-19,32,type_32,1967682200,1,,-60,RUB
Instax Shop,31157638-0477-2,2026-09-19,29,type_29,1967682200,1,,-7.29,RUB
Instax Shop,31157638-0477-2,2026-09-19,74,type_74,1967682200,1,,-19.16,RUB
Instax Shop,31157638-0477-2,2026-09-19,69,type_69,1967682200,1,1277,-664.04,RUB
Instax Shop,36593026-0216-2,2026-09-18,29,type_29,908829218,1,,-8.42,RUB
Instax Shop,36593026-0216-2,2026-09-18,74,type_74,908829218,1,,-9.65,RUB
Instax Shop,36593026-0216-2,2026-09-18,69,type_69,908829218,1,643,-334.36,RUB
Instax Shop,36593026-0216-2,2026-09-18,32,type_32,908829218,1,,-65,RUB
Instax Shop,0158252015-0111-2,2026-09-18,74,type_74,1393797856,1,,-19.16,RUB
Instax Shop,0158252015-0111-2,2026-09-18,29,type_29,1393797856,1,,-10,RUB
Instax Shop,0158252015-0111-2,2026-09-18,32,type_32,1393797856,1,,-76,RUB
Instax Shop,0158252015-0111-2,2026-09-18,69,type_69,1393797856,1,1277,-664.04,RUB
Instax Shop,45789145-0593-1,2026-09-19,29,type_29,2980607985,1,,-8.57,RUB
Instax Shop,45789145-0593-1,2026-09-19,32,type_32,2980607985,1,,-56,RUB
Instax Shop,45789145-0593-1,2026-09-19,69,type_69,2980607985,1,1270,-660.4,RUB
Instax Shop,45789145-0593-1,2026-09-19,74,type_74,2980607985,1,,-19.05,RUB
Instax Shop,62587247-0537-1,2026-09-17,38,type_38,1967682262,1,,-5,RUB
Instax Shop,62587247-0537-1,2026-09-17,39,type_39,1967682262,1,,-10,RUB
Instax Shop,07113865-0440-2,2026-09-17,69,type_69,2078708952,1,1277,-600.19,RUB
Instax Shop,07113865-0440-2,2026-09-17,74,type_74,2078708952,1,,-19.16,RUB
Instax Shop,07113865-0440-2,2026-09-17,29,type_29,2078708952,1,,-8.07,RUB
Instax Shop,07113865-0440-2,2026-09-17,32,type_32,2078708952,1,,-76,RUB
Instax Shop,37261532-0275-1,2026-09-17,29,type_29,1967682200,1,,-9.8,RUB
Instax Shop,37261532-0275-1,2026-09-17,32,type_32,1967682200,1,,-65,RUB
Instax Shop,37261532-0275-1,2026-09-17,69,type_69,1967682200,1,1277,-664.04,RUB
Instax Shop,37261532-0275-1,2026-09-17,74,type_74,1967682200,1,,-19.16,RUB
Instax Shop,78652892-0180-1,2026-09-18,69,type_69,1281292708,1,1277,-664.04,RUB
Instax Shop,78652892-0180-1,2026-09-18,74,type_74,1281292708,1,,-19.16,RUB
Instax Shop,78652892-0180-1,2026-09-18,29,type_29,1281292708,1,,-11.35,RUB
Instax Shop,78652892-0180-1,2026-09-18,32,type_32,1281292708,1,,-76,RUB
Instax Shop,0154271995-0242-1,2026-09-18,69,type_69,1857077051,1,777,-404.04,RUB
Instax Shop,0154271995-0242-1,2026-09-18,74,type_74,1857077051,1,,-11.66,RUB
Instax Shop,0154271995-0242-1,2026-09-18,29,type_29,1857077051,1,,-8.9,RUB
Instax Shop,0154271995-0242-1,2026-09-18,32,type_32,1857077051,1,,-72,RUB
Instax Shop,65697743-0217-1,2026-09-19,32,type_32,908559995,1,,-65,RUB
Instax Shop,65697743-0217-1,2026-09-19,29,type_29,908559995,1,,-8,RUB
Instax Shop,65697743-0217-1,2026-09-19,74,type_74,908559995,1,,-16.46,RUB
Instax Shop,65697743-0217-1,2026-09-19,69,type_69,908559995,1,1097,-570.44,RUB
Instax Shop,80652382-0991-1,2026-09-17,29,type_29,1393792471,1,,-8.39,RUB
Instax Shop,80652382-0991-1,2026-09-17,69,type_69,1393792471,1,1277,-664.04,RUB
Instax Shop,80652382-0991-1,2026-09-17,32,type_32,1393792471,1,,-68,RUB
Instax Shop,80652382-0991-1,2026-09-17,74,type_74,1393792471,1,,-19.16,RUB
Instax Shop,45646012-0166-1,2026-09-18,32,type_32,2396423754,1,,-73,RUB
Instax Shop,45646012-0166-1,2026-09-18,69,type_69,2396423754,1,1277,-664.04,RUB
Instax Shop,45646012-0166-1,2026-09-18,29,type_29,2396423754,1,,-7.75,RUB
Instax Shop,45646012-0166-1,2026-09-18,74,type_74,2396423754,1,,-19.16,RUB
Instax Shop,0171264175-0296-1,2026-09-18,74,type_74,1393792471,1,,-19.16,RUB
Instax Shop,0171264175-0296-1,2026-09-18,69,type_69,1393792471,1,1277,-664.04,RUB
Instax Shop,0171264175-0296-1,2026-09-18,29,type_29,1393792471,1,,-10.64,RUB
Instax Shop,0171264175-0296-1,2026-09-18,32,type_32,1393792471,1,,-65,RUB
Instax Shop,0179760980-0050-1,2026-09-19,32,type_32,1967682223,1,,-68,RUB
Instax Shop,0179760980-0050-1,2026-09-19,69,type_69,1967682223,1,1277,-664.04,RUB
Instax Shop,0179760980-0050-1,2026-09-19,74,type_74,1967682223,1,,-19.16,RUB
Instax Shop,0179760980-0050-1,2026-09-19,29,type_29,1967682223,1,,-6.17,RUB
Instax Shop,35310488-0248-1,2026-09-18,59,type_59,1393792471,1,,-65,RUB
Instax Shop,35310488-0248-1,2026-09-18,45,type_45,1393792471,1,,-15,RUB
Instax Shop,35310488-0248-1,2026-09-18,29,type_29,1393792471,1,,-8.86,RUB
Instax Shop,35310488-0248-1,2026-09-18,32,type_32,1393792471,1,,-65,RUB
Instax Shop,35310488-0248-3,2026-09-18,69,type_69,2082847183,1,1277,-664.04,RUB
Instax Shop,35310488-0248-3,2026-09-18,74,type_74,2082847183,1,,-19.16,RUB
Instax Shop,35310488-0248-3,2026-09-18,29,type_29,2082847183,1,,-8.86,RUB
Instax Shop,35310488-0248-3,2026-09-18,32,type_32,2082847183,1,,-76,RUB
Instax Shop,57011947-0529-3,2026-09-19,29,type_29,2078708952,1,,-9.89,RUB
Instax Shop,57011947-0529-3,2026-09-19,69,type_69,2078708952,1,1277,-600.19,RUB
Instax Shop,57011947-0529-3,2026-09-19,32,type_32,2078708952,1,,-65,RUB
Instax Shop,57011947-0529-3,2026-09-19,74,type_74,2078708952,1,,-19.16,RUB
Instax Shop,29564530-0557-2,2026-09-18,32,type_32,1281295474,1,,-65,RUB
Instax Shop,29564530-0557-2,2026-09-18,74,type_74,1281295474,1,,-19.16,RUB
Instax Shop,29564530-0557-2,2026-09-18,29,type_29,1281295474,1,,-7.14,RUB
Instax Shop,29564530-0557-2,2026-09-18,69,type_69,1281295474,1,1277,-664.04,RUB
Instax Shop,86685902-0342-1,2026-09-18,74,type_74,908817486,1,,-9.21,RUB
Instax Shop,86685902-0342-1,2026-09-18,69,type_69,908817486,1,614,-319.28,RUB
Instax Shop,86685902-0342-1,2026-09-18,32,type_32,908817486,1,,-65,RUB
Instax Shop,86685902-0342-1,2026-09-18,29,type_29,908817486,1,,-7.92,RUB
Instax Shop,19306089-0337-2,2026-09-18,74,type_74,1281295474,1,,-19.16,RUB
Instax Shop,19306089-0337-2,2026-09-18,29,type_29,1281295474,1,,-8.29,RUB
Instax Shop,19306089-0337-2,2026-09-18,32,type_32,1281295474,1,,-76,RUB
Instax Shop,19306089-0337-2,2026-09-18,69,type_69,1281295474,1,1277,-664.04,RUB
Instax Shop,07469997-0537-1,2026-09-19,32,type_32,2082847247,1,,-65,RUB
Instax Shop,07469997-0537-1,2026-09-19,29,type_29,2082847247,1,,-7.53,RUB
Instax Shop,07469997-0537-1,2026-09-19,69,type_69,2082847247,1,1277,-664.04,RUB
Instax Shop,07469997-0537-1,2026-09-19,74,type_74,2082847247,1,,-19.16,RUB
Instax Shop,0131879677-0741-1,2026-09-19,29,type_29,1857076973,1,,-10.18,RUB
Instax Shop,0131879677-0741-1,2026-09-19,74,type_74,1857076973,1,,-11.66,RUB
Instax Shop,0131879677-0741-1,2026-09-19,69,type_69,1857076973,1,777,-404.04,RUB
Instax Shop,0131879677-0741-1,2026-09-19,32,type_32,1857076973,1,,-82,RUB
Instax Shop,55702471-0190-1,2026-09-19,69,type_69,1531108633,1,1277,-664.04,RUB
Instax Shop,55702471-0190-1,2026-09-19,32,type_32,1531108633,1,,-76,RUB
Instax Shop,55702471-0190-1,2026-09-19,29,type_29,1531108633,1,,-8.39,RUB
Instax Shop,55702471-0190-1,2026-09-19,74,type_74,1531108633,1,,-19.16,RUB
Instax Shop,65033559-0345-1,2026-09-19,29,type_29,1967682262,1,,-8.52,RUB
Instax Shop,65033559-0345-1,2026-09-19,32,type_32,1967682262,1,,-64,RUB
Instax Shop,65033559-0345-1,2026-09-19,69,type_69,1967682262,1,1277,-664.04,RUB
Instax Shop,65033559-0345-1,2026-09-19,74,type_74,1967682262,1,,-19.16,RUB
Instax Shop,81587783-0323-2,2026-09-18,74,type_74,2082848101,1,,-19.16,RUB
Instax Shop,81587783-0323-2,2026-09-18,69,type_69,2082848101,1,1277,-664.04,RUB
Instax Shop,81587783-0323-2,2026-09-18,32,type_32,2082848101,1,,-65,RUB
Instax Shop,81587783-0323-2,2026-09-18,29,type_29,2082848101,1,,-8.08,RUB
Instax Shop,0135693067-0220-1,2026-09-19,74,type_74,1967682262,1,,-19.16,RUB
Instax Shop,0135693067-0220-1,2026-09-19,29,type_29,1967682262,1,,-6.91,RUB
Instax Shop,0135693067-0220-1,2026-09-19,32,type_32,1967682262,1,,-67,RUB
Instax Shop,0135693067-0220-1,2026-09-19,69,type_69,1967682262,1,1277,-664.04,RUB
Instax Shop,0161078917-0207-1,2026-09-18,69,type_69,2086979848,1,1077,-560.04,RUB
Instax Shop,0161078917-0207-1,2026-09-19,69,type_69,2086979848,1,-1077,560.04,RUB
Instax Shop,0161078917-0207-1,2026-09-19,39,type_39,2086979848,1,,-10,RUB
Instax Shop,0161078917-0207-1,2026-09-18,74,type_74,2086979848,1,,-16.16,RUB
Instax Shop,0161078917-0207-1,2026-09-19,38,type_38,2086979848,1,,-5,RUB
Instax Shop,0161078917-0207-1,2026-09-18,29,type_29,2086979848,1,,-11.56,RUB
Instax Shop,0161078917-0207-1,2026-09-18,32,type_32,2086979848,1,,-76,RUB
Instax Shop,28081684-0491-1,2026-09-18,32,type_32,2082847183,1,,-65,RUB
Instax Shop,28081684-0491-1,2026-09-18,74,type_74,2082847183,1,,-19.16,RUB
Instax Shop,28081684-0491-1,2026-09-18,29,type_29,2082847183,1,,-8.22,RUB
Instax Shop,28081684-0491-1,2026-09-18,69,type_69,2082847183,1,1277,-664.04,RUB
Instax Shop,0165956951-0054-1,2026-09-19,69,type_69,1854586842,1,947,-492.44,RUB
Instax Shop,0165956951-0054-1,2026-09-19,32,type_32,1854586842,1,,-65,RUB
Instax Shop,0165956951-0054-1,2026-09-19,29,type_29,1854586842,1,,-8.88,RUB
Instax Shop,0165956951-0054-1,2026-09-19,74,type_74,1854586842,1,,-14.21,RUB
Instax Shop,0178412004-0095-1,2026-09-19,69,type_69,1281298623,1,1277,-664.04,RUB
Instax Shop,0178412004-0095-1,2026-09-19,29,type_29,1281298623,1,,-7.43,RUB
Instax Shop,0178412004-0095-1,2026-09-19,74,type_74,1281298623,1,,-19.16,RUB
Instax Shop,0178412004-0095-1,2026-09-19,32,type_32,1281298623,1,,-57,RUB
Instax Shop,0178412004-0096-1,2026-09-19,74,type_74,2082848101,1,,-19.16,RUB
Instax Shop,0178412004-0096-1,2026-09-19,29,type_29,2082848101,1,,-7.43,RUB
Instax Shop,0178412004-0096-1,2026-09-19,32,type_32,2082848101,1,,-57,RUB
Instax Shop,0178412004-0096-1,2026-09-19,69,type_69,2082848101,1,1277,-664.04,RUB
Instax Shop,0117112807-0337-1,2026-09-18,74,type_74,2082848101,1,,-19.16,RUB
Instax Shop,0117112807-0337-1,2026-09-18,69,type_69,2082848101,1,1277,-664.04,RUB
Instax Shop,0117112807-0337-1,2026-09-18,32,type_32,2082848101,1,,-65,RUB
Instax Shop,0117112807-0337-1,2026-09-18,29,type_29,2082848101,1,,-11.06,RUB
Instax Shop,0107529477-0184-3,2026-09-19,69,type_69,1775029087,1,1277,-664.04,RUB
Instax Shop,0107529477-0184-3,2026-09-19,32,type_32,1775029087,1,,-64,RUB
Instax Shop,0107529477-0184-3,2026-09-19,29,type_29,1775029087,1,,-8.34,RUB
Instax Shop,0107529477-0184-3,2026-09-19,74,type_74,1775029087,1,,-19.16,RUB
Instax Shop,58146179-0043-1,2026-09-19,69,type_69,908818342,1,1097,-570.44,RUB
Instax Shop,58146179-0043-1,2026-09-19,74,type_74,908818342,1,,-16.46,RUB
Instax Shop,58146179-0043-1,2026-09-19,32,type_32,908818342,1,,-76,RUB
Instax Shop,58146179-0043-1,2026-09-19,29,type_29,908818342,1,,-8.95,RUB
Instax Shop,38066042-0251-1,2026-09-19,74,type_74,2082848101,1,,-19.16,RUB
Instax Shop,38066042-0251-1,2026-09-19,29,type_29,2082848101,1,,-14.67,RUB
Instax Shop,38066042-0251-1,2026-09-19,32,type_32,2082848101,1,,-76,RUB
Instax Shop,38066042-0251-1,2026-09-19,69,type_69,2082848101,1,1277,-664.04,RUB
Instax Shop,20388719-0463-1,2026-09-18,74,type_74,2082848101,1,,-19.16,RUB
Instax Shop,20388719-0463-1,2026-09-18,32,type_32,2082848101,1,,-65,RUB
Instax Shop,20388719-0463-1,2026-09-18,69,type_69,2082848101,1,1277,-664.04,RUB
Instax Shop,20388719-0463-1,2026-09-18,29,type_29,2082848101,1,,-8,RUB
Instax Shop,03777554-1806-3,2026-09-18,32,type_32,2078709160,1,,-76,RUB
Instax Shop,03777554-1806-3,2026-09-18,69,type_69,2078709160,1,1277,-600.19,RUB
Instax Shop,03777554-1806-3,2026-09-18,74,type_74,2078709160,1,,-19.16,RUB
Instax Shop,44809509-0272-5,2026-09-19,29,type_29,2980607875,1,,-9.29,RUB
Instax Shop,44809509-0272-5,2026-09-19,69,type_69,2980607875,1,1277,-664.04,RUB
Instax Shop,44809509-0272-5,2026-09-19,74,type_74,2980607875,1,,-19.16,RUB
Instax Shop,44809509-0272-5,2026-09-19,32,type_32,2980607875,1,,-65,RUB
Instax Shop,05531985-1358-1,2026-09-19,29,type_29,1393792471,1,,-9.3,RUB
Instax Shop,05531985-1358-1,2026-09-19,74,type_74,1393792471,1,,-19.16,RUB
Instax Shop,05531985-1358-1,2026-09-19,69,type_69,1393792471,1,1277,-664.04,RUB
Instax Shop,05531985-1358-1,2026-09-19,32,type_32,1393792471,1,,-76,RUB
Instax Shop,51706728-1113-1,2026-09-18,32,type_32,1393792471,1,,-65,RUB
Instax Shop,51706728-1113-1,2026-09-18,29,type_29,1393792471,1,,-11.27,RUB
Instax Shop,51706728-1113-1,2026-09-18,74,type_74,1393792471,1,,-19.16,RUB
Instax Shop,51706728-1113-1,2026-09-18,69,type_69,1393792471,1,1277,-664.04,RUB
Instax Shop,51706728-1113-3,2026-09-18,74,type_74,2082847183,1,,-19.16,RUB
Instax Shop,51706728-1113-3,2026-09-18,69,type_69,2082847183,1,1277,-664.04,RUB
Instax Shop,51706728-1113-3,2026-09-18,29,type_29,2082847183,1,,-11.27,RUB
Instax Shop,51706728-1113-3,2026-09-18,32,type_32,2082847183,1,,-65,RUB
Instax Shop,59114939-0462-2,2026-09-18,39,type_39,1967682262,1,,-10,RUB
Instax Shop,59114939-0462-2,2026-09-18,38,type_38,1967682262,1,,-5,RUB
Instax Shop,38339396-0074-1,2026-09-19,74,type_74,1281292708,1,,-19.16,RUB
Instax Shop,38339396-0074-1,2026-09-19,29,type_29,1281292708,1,,-8.68,RUB
Instax Shop,38339396-0074-1,2026-09-19,32,type_32,1281292708,1,,-76,RUB
Instax Shop,38339396-0074-1,2026-09-19,69,type_69,1281292708,1,1277,-664.04,RUB
Instax Shop,0131379157-0125-1,2026-09-19,29,type_29,1967682200,1,,-8.17,RUB
Instax Shop,0131379157-0125-1,2026-09-19,74,type_74,1967682200,1,,-19.16,RUB
Instax Shop,0131379157-0125-1,2026-09-19,69,type_69,1967682200,1,1277,-664.04,RUB
Instax Shop,0131379157-0125-1,2026-09-19,32,type_32,1967682200,1,,-58,RUB
Instax Shop,48075387-0065-1,2026-09-19,39,type_39,3534921158,1,,-10,RUB
Instax Shop,48075387-0065-1,2026-09-19,38,type_38,3534921158,1,,-5,RUB
Instax Shop,48867047-0140-1,2026-09-19,69,type_69,908818342,1,1097,-570.44,RUB
Instax Shop,48867047-0140-1,2026-09-19,29,type_29,908818342,1,,-6.67,RUB
Instax Shop,48867047-0140-1,2026-09-19,74,type_74,908818342,1,,-16.46,RUB
Instax Shop,48867047-0140-1,2026-09-19,32,type_32,908818342,1,,-76,RUB
Instax Shop,40347101-0146-2,2026-09-19,69,type_69,2980607875,1,1277,-664.04,RUB
Instax Shop,40347101-0146-2,2026-09-19,74,type_74,2980607875,1,,-19.16,RUB
Instax Shop,40347101-0146-2,2026-09-19,29,type_29,2980607875,1,,-9.53,RUB
Instax Shop,40347101-0146-2,2026-09-19,32,type_32,2980607875,1,,-65,RUB
Instax Shop,62396633-0971-1,2026-09-19,74,type_74,908829218,1,,-7.11,RUB
Instax Shop,62396633-0971-1,2026-09-19,32,type_32,908829218,1,,-65,RUB
Instax Shop,62396633-0971-1,2026-09-19,29,type_29,908829218,1,,-7.61,RUB
Instax Shop,62396633-0971-1,2026-09-19,69,type_69,908829218,1,474,-246.48,RUB
Instax Shop,62396633-0972-1,2026-09-19,32,type_32,908818441,1,,-65,RUB
Instax Shop,62396633-0972-1,2026-09-19,74,type_74,908818441,1,,-9.78,RUB
Instax Shop,62396633-0972-1,2026-09-19,29,type_29,908818441,1,,-8.03,RUB
Instax Shop,62396633-0972-1,2026-09-19,69,type_69,908818441,1,652,-339.04,RUB
Instax Shop,68288298-0434-1,2026-09-19,69,type_69,2980607848,1,1277,-664.04,RUB
Instax Shop,68288298-0434-1,2026-09-19,74,type_74,2980607848,1,,-19.16,RUB
Instax Shop,68288298-0434-1,2026-09-19,29,type_29,2980607848,1,,-8.94,RUB
Instax Shop,68288298-0434-1,2026-09-19,32,type_32,2980607848,1,,-76,RUB
Instax Shop,48075387-0066-1,2026-09-19,69,type_69,3534921079,1,1277,-600.19,RUB
Instax Shop,48075387-0066-1,2026-09-19,32,type_32,3534921079,1,,-72,RUB
Instax Shop,48075387-0066-1,2026-09-19,74,type_74,3534921079,1,,-19.16,RUB
Instax Shop,48075387-0066-1,2026-09-19,29,type_29,3534921079,1,,-9.84,RUB
Instax Shop,64033904-0326-1,2026-09-19,29,type_29,1967682262,1,,-9.67,RUB
Instax Shop,64033904-0326-1,2026-09-19,45,type_45,1967682262,1,,-15,RUB
Instax Shop,64033904-0326-1,2026-09-19,59,type_59,1967682262,1,,-76,RUB
Instax Shop,64033904-0326-1,2026-09-19,32,type_32,1967682262,1,,-76,RUB
Instax Shop,28704353-0035-1,2026-09-19,32,type_32,1775029087,1,,-65,RUB
Instax Shop,28704353-0035-1,2026-09-19,74,type_74,1775029087,1,,-19.16,RUB
Instax Shop,28704353-0035-1,2026-09-19,69,type_69,1775029087,1,1277,-664.04,RUB
Instax Shop,28704353-0035-1,2026-09-19,29,type_29,1775029087,1,,-6.65,RUB
Instax Shop,81335516-0090-1,2026-09-19,69,type_69,1281298623,1,1277,-664.04,RUB
Instax Shop,81335516-0090-1,2026-09-19,74,type_74,1281298623,1,,-19.16,RUB
Instax Shop,81335516-0090-1,2026-09-19,29,type_29,1281298623,1,,-9.6,RUB
Instax Shop,81335516-0090-1,2026-09-19,32,type_32,1281298623,1,,-76,RUB
Instax Shop,81335516-0090-2,2026-09-19,69,type_69,2082847117,1,1277,-664.04,RUB
Instax Shop,81335516-0090-2,2026-09-19,74,type_74,2082847117,1,,-19.16,RUB
Instax Shop,81335516-0090-2,2026-09-19,29,type_29,2082847117,1,,-9.49,RUB
Instax Shop,81335516-0090-2,2026-09-19,32,type_32,2082847117,1,,-76,RUB
Instax Shop,0124665841-0122-1,2026-09-19,74,type_74,1281295474,1,,-19.16,RUB
Instax Shop,0124665841-0122-1,2026-09-19,32,type_32,1281295474,1,,-76,RUB
Instax Shop,0124665841-0122-1,2026-09-19,69,type_69,1281295474,1,1277,-664.04,RUB
Instax Shop,0124665841-0122-1,2026-09-19,29,type_29,1281295474,1,,-12.31,RUB
Instax Shop,08051113-0172-1,2026-09-19,32,type_32,2078708952,1,,-76,RUB
Instax Shop,08051113-0172-1,2026-09-19,74,type_74,2078708952,1,,-19.16,RUB
Instax Shop,08051113-0172-1,2026-09-19,69,type_69,2078708952,1,1277,-600.19,RUB
Instax Shop,08051113-0172-1,2026-09-19,29,type_29,2078708952,1,,-8.07,RUB
Instax Shop,68249797-0343-1,2026-09-19,69,type_69,3534921158,1,1277,-600.19,RUB
Instax Shop,68249797-0343-1,2026-09-19,74,type_74,3534921158,1,,-19.16,RUB
Instax Shop,68249797-0343-1,2026-09-19,29,type_29,3534921158,1,,-8.33,RUB
Instax Shop,68249797-0343-1,2026-09-19,32,type_32,3534921158,1,,-72,RUB
